having_IP_Address,URL_Length,Shortining_Service,having_At_Symbol,double_slash_redirecting,Prefix_Suffix,having_Sub_Domain,SSLfinal_State,Domain_registeration_length,Favicon,port,HTTPS_token,Request_URL,URL_of_Anchor,Links_in_tags,SFH,Submitting_to_email,Abnormal_URL,Redirect,on_mouseover,RightClick,popUpWidnow,Iframe,age_of_domain,DNSRecord,web_traffic,Page_Rank,Google_Index,Links_pointing_to_page,Statistical_report,Result
1,0,-1,1,1,1.0,0.9137,1,-1,1,1,1,0.8978,1.0,1.0,-1.0,1,1,0,-1,1,-1,1,-1,-1,0,-1,1.0,1,1,1
-1,0,-1,1,-1,1.0,0.8613,1,-1,1,1,-1,0.8848,1.0,1.0,-1.0,-1,-1,0,1,1,1,1,1,1,1,-1,1.0,-1,-1,1
1,0,-1,1,1,1.0,0.8154,1,-1,1,1,-1,0.8258,1.0,0.8936,-1.0,1,1,0,1,1,1,1,1,-1,1,1,1.0,0,1,1
1,1,-1,1,1,1.0,1.0,-1,1,1,1,1,1.0,1.0,1.0,-1.0,1,1,0,1,1,1,1,-1,-1,0,-1,1.0,1,1,-1
1,1,1,1,1,1.0,0.8815,0,-1,1,1,1,0.9064,1.0,1.0,-1.0,1,1,0,1,1,1,1,1,1,1,-1,1.0,-1,1,1
1,-1,1,1,1,1.0,1.0,-1,1,1,1,-1,1.0,1.0,1.0,-1.0,-1,-1,0,1,1,1,1,1,1,0,-1,1.0,-1,-1,-1
1,0,1,1,1,1.0,1.0,0,1,1,1,1,1.0,1.0,1.0,-1.0,-1,-1,0,1,1,1,1,1,-1,1,-1,1.0,1,-1,-1
1,-1,1,1,1,1.0,1.0,-1,1,-1,-1,1,1.0,1.0,1.0,-1.0,-1,-1,0,-1,1,-1,1,-1,-1,1,-1,1.0,-1,-1,-1
-1,-1,-1,1,-1,0.8418,0.7841,1,1,1,1,-1,0.8197,1.0,1.0,-1.0,1,1,0,1,1,1,1,1,1,1,-1,1.0,1,1,1
1,-1,1,1,1,1.0,0.8627,1,-1,-1,-1,1,0.8365,1.0,0.8295,-1.0,-1,-1,0,-1,1,-1,1,1,1,1,1,1.0,0,-1,1
1,-1,1,1,-1,1.0,1.0,-1,1,1,1,1,1.0,1.0,1.0,-1.0,1,1,0,1,1,1,1,-1,-1,-1,-1,1.0,-1,1,-1
1,-1,1,1,1,1.0,0.8444,1,-1,1,1,1,0.8521,0.8218,1.0,-1.0,-1,-1,0,1,1,1,1,1,1,1,1,1.0,0,-1,1
1,-1,1,1,1,1.0,0.8903,1,-1,1,1,1,0.8751,1.0,0.8995,-1.0,1,1,0,1,1,1,1,1,1,-1,1,1.0,-1,1,1
1,-1,1,1,1,1.0,0.868,1,-1,1,1,-1,0.8077,1.0,0.847,-1.0,1,1,0,1,1,1,1,1,1,1,-1,1.0,0,1,1
1,-1,1,1,1,1.0,1.0,-1,1,1,1,-1,1.0,1.0,1.0,-1.0,1,1,0,1,1,1,1,1,-1,-1,-1,1.0,1,1,-1
1,-1,1,1,1,1.0,1.0,0,1,1,1,1,1.0,1.0,1.0,-1.0,1,1,0,1,1,1,1,1,1,1,-1,1.0,1,1,-1
1,-1,1,1,1,1.0,1.0,-1,1,1,1,1,1.0,1.0,1.0,-1.0,1,1,0,1,1,1,1,-1,-1,-1,-1,1.0,1,1,-1
1,-1,1,1,-1,1.0,0.8811,1,-1,1,1,1,0.8636,0.8624,1.0,-1.0,1,1,1,1,1,1,1,1,1,1,1,1.0,-1,1,1
1,-1,1,1,1,1.0,1.0,0,1,1,1,1,1.0,1.0,1.0,-1.0,-1,1,0,1,1,1,1,1,-1,-1,-1,1.0,1,1,-1
1,-1,1,1,1,1.0,0.882,1,-1,1,1,1,0.9073,1.0,1.0,-1.0,1,1,0,1,1,1,1,1,1,0,-1,1.0,-1,1,1
1,-1,1,1,1,1.0,0.887,1,-1,1,1,-1,0.8729,1.0,0.8567,-1.0,1,1,0,1,1,1,1,1,1,0,-1,1.0,-1,1,1
1,-1,1,1,1,1.0,0.8427,1,-1,1,1,1,0.8317,0.8979,1.0,-1.0,1,1,0,1,1,1,1,1,1,1,-1,1.0,0,1,1
-1,-1,-1,1,-1,1.0,0.8799,1,-1,1,1,-1,0.8951,1.0,1.0,-1.0,1,-1,0,1,1,1,1,1,-1,1,-1,1.0,-1,-1,1
1,-1,1,1,1,1.0,1.0,0,-1,1,1,1,1.0,1.0,1.0,-1.0,-1,1,0,1,1,1,1,1,-1,-1,-1,1.0,0,1,-1
1,-1,1,1,1,1.0,0.8787,1,-1,1,1,1,0.8928,1.0,0.8859,-1.0,1,1,0,1,1,1,1,1,-1,1,-1,1.0,0,1,1
1,-1,1,1,1,1.0,0.8569,1,-1,1,1,1,0.8674,0.8816,1.0,-1.0,1,1,0,1,1,1,1,1,1,1,1,1.0,0,1,1
1,-1,1,1,1,1.0,1.0,-1,1,1,1,-1,1.0,1.0,1.0,-1.0,1,-1,0,1,1,1,1,-1,-1,0,-1,1.0,1,-1,-1
1,-1,1,1,1,1.0,0.8273,1,-1,1,1,1,0.8806,1.0,0.8393,-1.0,1,1,0,1,1,1,1,1,1,1,1,1.0,0,1,1
1,-1,1,1,1,1.0,0.8605,1,-1,1,1,1,0.8971,1.0,1.0,-1.0,1,1,0,1,1,1,1,1,-1,1,-1,1.0,0,1,1
1,-1,1,1,1,1.0,1.0,0,1,1,1,1,1.0,1.0,1.0,-1.0,1,1,0,1,1,1,1,1,-1,-1,-1,1.0,1,1,-1
1,-1,1,1,1,1.0,0.8635,1,-1,1,1,1,0.8588,0.8958,1.0,-1.0,1,1,0,1,1,1,1,1,-1,1,-1,1.0,0,1,1
1,-1,1,1,1,1.0,0.8731,1,1,1,1,1,0.8924,1.0,1.0,-1.0,1,1,0,1,1,1,1,1,1,0,-1,1.0,1,1,1
1,-1,1,1,1,1.0,0.8143,1,-1,1,1,1,0.8278,1.0,0.8687,-1.0,1,1,0,1,1,1,1,1,1,1,-1,1.0,0,1,1
1,-1,1,1,1,1.0,0.8869,1,-1,-1,-1,1,0.8012,0.8682,1.0,-1.0,-1,1,0,1,1,-1,-1,1,1,1,-1,1.0,1,1,1
1,-1,1,1,1,1.0,1.0,-1,1,1,1,1,1.0,1.0,1.0,-1.0,1,1,0,1,1,1,1,-1,-1,-1,-1,1.0,0,1,-1
1,-1,1,1,1,1.0,0.8333,1,-1,-1,1,1,0.8497,1.0,0.8184,-1.0,1,1,0,1,1,-1,-1,1,-1,0,-1,1.0,1,1,1
1,-1,1,1,1,0.8637,0.8597,1,-1,1,1,1,0.8266,1.0,1.0,-1.0,1,1,0,1,1,1,1,1,1,0,-1,1.0,0,1,1
1,-1,1,1,1,1.0,0.8204,1,-1,1,1,1,0.836,0.84,1.0,-1.0,1,1,0,1,1,1,1,1,1,1,-1,1.0,0,1,1
1,-1,1,-1,1,1.0,0.8817,1,-1,1,1,1,0.8858,1.0,0.8877,-1.0,1,1,0,1,1,1,1,1,1,1,1,1.0,0,1,1
1,-1,1,1,1,1.0,1.0,0,1,1,1,1,1.0,1.0,1.0,-1.0,1,1,0,1,1,1,1,1,-1,1,-1,1.0,0,1,-1
1,-1,1,1,1,1.0,1.0,-1,-1,1,1,1,1.0,1.0,1.0,-1.0,1,1,0,1,1,1,1,-1,-1,-1,-1,1.0,1,1,-1
1,-1,1,1,1,1.0,1.0,-1,1,1,1,1,1.0,1.0,1.0,-1.0,1,1,0,1,1,1,1,1,-1,-1,-1,1.0,0,1,-1
1,-1,1,1,1,1.0,0.8985,-1,-1,1,1,1,0.9012,1.0,1.0,-1.0,1,1,0,1,1,1,1,1,1,0,-1,1.0,0,1,1
-1,-1,-1,1,-1,0.8568,0.8914,1,-1,1,1,-1,0.8246,1.0,1.0,-1.0,1,-1,1,1,1,1,1,1,-1,1,-1,1.0,1,-1,1
1,-1,1,1,1,1.0,1.0,-1,-1,-1,1,1,1.0,1.0,1.0,-1.0,1,1,0,1,1,-1,1,-1,-1,1,-1,1.0,1,1,-1
1,-1,1,1,1,1.0,0.851,1,-1,-1,1,1,0.866,0.8278,1.0,-1.0,1,1,0,1,1,-1,1,1,-1,1,-1,1.0,1,1,1
1,-1,1,1,1,1.0,0.8883,1,-1,1,1,1,0.9212,1.0,1.0,-1.0,1,1,0,1,1,1,1,1,1,1,1,1.0,0,1,1
1,-1,1,1,1,1.0,0.8934,1,-1,1,1,1,0.8678,1.0,1.0,-1.0,1,1,0,1,1,1,1,1,1,1,-1,1.0,0,1,1
1,-1,1,1,1,1.0,1.0,-1,1,1,1,1,1.0,1.0,1.0,-1.0,1,1,0,1,1,1,1,-1,-1,-1,-1,1.0,0,1,-1
1,-1,1,1,1,1.0,0.865,1,-1,1,1,1,0.9207,1.0,1.0,-1.0,1,1,0,1,1,1,1,1,1,1,-1,1.0,0,1,1
1,-1,1,1,1,1.0,0.8977,1,-1,1,1,1,0.8811,1.0,1.0,-1.0,1,1,0,1,1,1,1,1,1,1,-1,1.0,0,1,1
1,-1,1,1,1,1.0,1.0,0,-1,-1,-1,1,1.0,1.0,1.0,-1.0,-1,1,0,1,1,-1,1,1,-1,1,-1,1.0,1,1,-1
1,-1,1,1,1,1.0,1.0,-1,1,1,1,1,1.0,1.0,1.0,-1.0,1,1,0,1,1,1,1,-1,-1,-1,-1,1.0,0,1,-1
1,-1,1,1,1,1.0,0.8231,1,-1,1,1,1,0.8493,1.0,0.8763,-1.0,1,1,0,1,1,1,1,1,-1,1,1,1.0,1,1,1
1,-1,1,1,1,1.0,1.0,0,1,1,1,1,1.0,1.0,1.0,-1.0,1,1,0,1,1,1,1,1,-1,0,-1,1.0,1,1,-1
1,-1,1,1,1,1.0,1.0,-1,1,1,1,1,1.0,1.0,1.0,-1.0,1,1,0,1,1,1,1,-1,-1,-1,-1,1.0,0,1,-1
1,-1,1,1,1,1.0,1.0,0,1,1,1,1,0.8908,1.0,1.0,-1.0,1,1,0,1,1,1,1,1,-1,-1,-1,1.0,1,1,-1
1,-1,1,1,1,1.0,1.0,-1,1,1,1,1,1.0,1.0,1.0,-1.0,1,1,0,1,1,1,1,-1,-1,0,-1,1.0,0,1,-1
1,-1,1,1,1,1.0,1.0,0,-1,1,1,1,1.0,1.0,1.0,-1.0,1,1,0,1,1,1,1,1,-1,-1,-1,1.0,1,1,-1
1,-1,1,1,1,1.0,0.8422,1,-1,1,1,1,0.8309,1.0,0.8658,-1.0,1,1,0,1,1,1,1,1,-1,1,-1,1.0,0,1,1
1,-1,1,1,1,1.0,1.0,0,-1,1,1,1,1.0,1.0,1.0,-1.0,1,1,0,1,1,1,1,1,-1,-1,-1,1.0,1,1,-1
1,-1,1,1,1,1.0,1.0,1,1,1,1,1,1.0,1.0,1.0,-1.0,1,1,0,1,1,1,1,-1,1,-1,-1,1.0,0,1,-1
1,-1,1,1,1,1.0,0.883,1,-1,1,1,1,0.8938,1.0,1.0,-1.0,1,1,0,1,1,1,1,1,1,1,1,1.0,0,1,1
1,-1,1,1,1,1.0,0.8857,-1,1,1,1,1,0.8923,1.0,1.0,-1.0,1,1,0,1,1,1,1,1,-1,-1,1,1.0,1,1,1
1,-1,1,1,1,1.0,0.8279,1,-1,1,1,1,0.8628,1.0,0.8647,-1.0,1,1,0,1,1,1,1,1,-1,0,-1,1.0,1,1,1
1,-1,1,1,1,1.0,0.8707,1,1,1,1,1,0.816,1.0,0.8357,-1.0,1,1,0,1,1,1,1,1,1,1,1,1.0,0,1,1
1,-1,1,1,1,1.0,1.0,-1,-1,1,1,1,1.0,1.0,1.0,-1.0,1,1,0,1,1,1,1,-1,-1,-1,-1,1.0,0,1,-1
1,-1,1,1,1,1.0,0.8527,1,-1,1,1,1,0.864,1.0,0.8404,-1.0,1,1,0,1,1,1,1,1,1,-1,-1,1.0,1,1,1
1,-1,1,1,1,1.0,0.884,-1,-1,1,1,1,0.8604,1.0,1.0,-1.0,1,1,0,1,1,-1,1,1,1,0,-1,1.0,1,1,1
1,-1,1,1,1,1.0,0.929,1,-1,1,1,1,0.9144,1.0,1.0,-1.0,1,1,0,1,1,1,1,1,-1,1,-1,1.0,0,1,1
-1,-1,-1,1,-1,1.0,0.809,1,1,1,1,-1,0.8788,1.0,0.8797,-1.0,1,-1,1,1,1,1,1,1,-1,1,-1,1.0,1,1,1
1,-1,1,1,1,1.0,1.0,-1,1,1,1,1,1.0,1.0,1.0,-1.0,1,1,0,1,1,1,1,-1,1,-1,-1,1.0,0,1,-1
1,-1,1,1,1,1.0,0.8751,1,-1,1,1,1,0.8622,1.0,1.0,-1.0,1,1,0,1,1,1,1,-1,1,0,-1,1.0,0,1,1
1,-1,1,1,1,1.0,0.8442,1,1,1,1,1,0.8475,0.8379,1.0,-1.0,1,1,0,1,1,1,1,1,1,1,-1,1.0,0,1,1
1,-1,1,1,1,1.0,1.0,1,1,1,1,1,1.0,1.0,1.0,-1.0,1,1,0,1,1,1,1,-1,1,1,-1,1.0,0,1,-1
1,-1,1,1,1,1.0,1.0,0,1,-1,-1,1,1.0,1.0,1.0,-1.0,-1,1,0,-1,1,-1,1,1,-1,1,-1,1.0,1,-1,-1
1,-1,1,1,1,1.0,0.9075,1,-1,1,1,1,0.8802,1.0,1.0,-1.0,1,1,0,1,1,1,1,1,1,0,-1,1.0,0,1,1
1,-1,1,1,1,1.0,1.0,1,1,1,1,1,1.0,1.0,1.0,-1.0,1,1,0,1,1,1,1,-1,-1,0,-1,1.0,0,1,-1
1,-1,1,1,1,1.0,1.0,-1,-1,1,1,1,1.0,1.0,1.0,-1.0,1,1,0,1,1,1,1,-1,-1,-1,-1,1.0,0,1,-1
1,-1,1,-1,1,1.0,0.8596,1,-1,1,1,1,0.8698,1.0,0.8481,-1.0,1,1,0,1,1,1,1,1,1,1,1,1.0,0,1,1
1,-1,1,1,1,1.0,0.9137,1,-1,1,1,1,0.8702,1.0,1.0,-1.0,1,1,0,1,1,1,1,1,1,0,-1,1.0,0,1,1
1,-1,1,1,1,1.0,1.0,-1,1,1,1,1,1.0,1.0,1.0,-1.0,1,1,0,1,1,1,1,-1,-1,0,-1,1.0,1,1,-1
-1,-1,-1,1,-1,1.0,0.9033,-1,-1,1,1,-1,0.8603,1.0,1.0,-1.0,1,-1,1,1,1,1,1,1,1,1,1,1.0,1,1,1
1,-1,1,1,1,1.0,0.847,1,-1,1,1,1,0.8909,0.8568,1.0,-1.0,1,1,0,1,1,1,1,1,1,0,-1,1.0,0,1,1
1,-1,1,-1,1,1.0,0.8329,1,1,1,1,1,0.8228,1.0,0.8977,-1.0,1,1,0,1,1,1,1,1,1,1,1,1.0,0,1,1
1,-1,1,1,1,1.0,0.8486,1,-1,1,1,1,0.8957,0.8524,1.0,-1.0,1,1,0,1,1,1,1,1,1,1,1,1.0,0,1,1
1,-1,1,1,1,1.0,0.8591,1,-1,1,1,1,0.8176,0.8674,1.0,-1.0,1,1,0,1,1,1,1,1,1,0,-1,1.0,0,1,1
1,-1,1,1,1,1.0,1.0,0,-1,-1,-1,1,1.0,1.0,1.0,-1.0,-1,1,0,-1,-1,-1,-1,1,-1,1,-1,1.0,1,-1,-1
1,-1,1,1,1,1.0,0.8531,1,-1,1,1,1,0.808,1.0,0.8699,-1.0,1,1,0,1,1,1,1,1,1,1,-1,1.0,0,1,1
1,-1,1,1,1,1.0,0.9257,1,1,1,1,1,0.9139,1.0,1.0,-1.0,1,1,0,1,1,1,1,1,1,1,1,1.0,0,1,1
1,-1,1,1,1,1.0,1.0,0,1,1,1,1,1.0,1.0,1.0,-1.0,1,1,0,1,1,1,1,1,1,-1,-1,1.0,0,1,-1
1,-1,1,1,1,1.0,0.8991,1,-1,1,1,1,0.8895,1.0,1.0,-1.0,1,1,0,1,1,1,1,1,-1,0,-1,1.0,0,1,1
1,-1,1,1,1,1.0,1.0,1,1,1,1,1,1.0,1.0,1.0,-1.0,1,1,0,1,1,1,1,-1,-1,-1,-1,1.0,0,1,-1
1,-1,1,1,1,1.0,1.0,-1,1,1,1,1,1.0,1.0,1.0,-1.0,1,1,0,1,1,1,1,1,1,-1,-1,1.0,0,1,-1
1,-1,1,1,1,1.0,0.86,1,-1,1,1,1,0.886,1.0,1.0,-1.0,1,1,0,1,1,1,1,1,1,1,1,1.0,0,1,1
1,-1,1,1,1,1.0,1.0,-1,1,1,1,1,1.0,1.0,1.0,-1.0,1,1,0,1,1,1,1,-1,-1,0,-1,1.0,0,1,-1
1,-1,1,1,1,1.0,1.0,-1,1,1,1,1,1.0,1.0,1.0,-1.0,1,1,0,1,1,1,1,-1,-1,1,-1,1.0,0,1,-1
1,-1,1,1,1,1.0,1.0,-1,-1,1,1,1,1.0,1.0,1.0,-1.0,1,1,0,1,1,1,1,1,-1,-1,-1,1.0,0,1,-1
1,-1,1,1,1,1.0,1.0,-1,1,1,1,1,1.0,1.0,1.0,-1.0,1,1,0,1,1,1,1,-1,-1,-1,-1,1.0,0,1,-1
1,-1,1,1,1,1.0,0.8751,1,-1,1,1,1,0.8738,1.0,1.0,-1.0,1,1,0,1,1,1,1,-1,-1,0,-1,1.0,0,1,1
1,-1,1,1,1,1.0,0.9262,1,-1,1,1,1,0.9285,1.0,1.0,-1.0,1,1,0,1,1,1,1,1,1,1,-1,1.0,0,1,1
1,-1,1,1,1,1.0,0.8646,-1,-1,1,1,1,0.8921,1.0,0.8138,-1.0,1,1,0,1,1,1,1,1,1,-1,-1,1.0,1,1,1
1,-1,1,1,1,1.0,1.0,0,1,1,1,1,1.0,1.0,1.0,-1.0,1,1,0,1,1,1,1,1,-1,-1,-1,1.0,1,1,-1
1,-1,1,1,1,1.0,0.8342,1,-1,1,1,1,0.8805,0.8921,1.0,-1.0,1,1,0,1,1,1,1,1,1,1,-1,1.0,0,1,1
1,-1,1,1,1,1.0,1.0,-1,1,1,1,1,1.0,1.0,1.0,-1.0,1,1,0,1,1,1,1,-1,1,0,-1,1.0,0,1,-1
1,-1,1,1,1,1.0,1.0,-1,1,1,1,1,1.0,1.0,1.0,-1.0,1,1,0,1,1,1,1,-1,-1,0,-1,1.0,0,1,-1
1,-1,1,1,1,1.0,1.0,-1,-1,1,1,1,1.0,1.0,1.0,-1.0,1,1,0,1,1,1,1,-1,-1,-1,-1,1.0,0,1,-1
1,-1,1,1,1,1.0,1.0,1,-1,1,1,1,1.0,1.0,1.0,-1.0,1,1,0,1,1,1,1,-1,-1,0,-1,1.0,0,1,-1
1,-1,1,1,1,1.0,1.0,0,-1,1,1,1,1.0,1.0,1.0,-1.0,1,1,0,1,1,1,1,1,-1,-1,-1,1.0,1,1,-1
1,-1,1,1,1,1.0,1.0,-1,1,1,1,1,1.0,1.0,1.0,-1.0,1,1,0,1,1,1,1,-1,-1,0,-1,1.0,1,1,-1
-1,-1,-1,1,-1,1.0,0.8239,1,-1,1,1,-1,0.8494,0.8494,1.0,-1.0,1,-1,1,1,1,1,1,1,-1,1,-1,1.0,1,1,1
1,-1,1,1,1,1.0,1.0,-1,-1,1,1,1,1.0,1.0,1.0,-1.0,1,1,0,1,1,1,1,-1,-1,0,-1,1.0,0,1,-1
1,-1,1,1,1,1.0,0.8077,1,-1,1,1,1,0.8543,1.0,0.8114,-1.0,1,1,0,1,1,1,1,1,-1,-1,1,1.0,1,1,1
1,-1,1,1,1,1.0,0.8099,1,-1,1,1,1,0.8556,0.8027,1.0,-1.0,1,1,0,1,1,1,1,1,-1,-1,-1,1.0,1,1,1
1,-1,1,1,1,1.0,1.0,-1,1,1,1,1,1.0,1.0,1.0,-1.0,1,1,0,1,1,1,1,-1,1,1,-1,1.0,0,1,-1
1,0,-1,1,1,1.0,0.9028,1,-1,1,1,1,0.9165,1.0,1.0,-1.0,1,1,0,-1,1,-1,1,-1,-1,0,-1,1.0,1,1,1
-1,0,-1,1,-1,1.0,0.8864,1,-1,1,1,-1,0.8916,1.0,1.0,-1.0,-1,-1,0,1,1,1,1,1,-1,1,-1,1.0,-1,-1,1
1,0,-1,1,1,1.0,0.8704,1,-1,1,1,-1,0.8458,1.0,0.891,-1.0,1,1,0,1,1,1,1,1,-1,1,1,1.0,0,1,1
1,1,1,1,1,1.0,0.868,0,-1,1,1,1,0.9002,1.0,1.0,-1.0,1,1,0,1,1,1,1,1,1,1,-1,1.0,-1,1,1
1,-1,1,1,1,1.0,1.0,-1,1,1,1,-1,1.0,1.0,1.0,-1.0,-1,-1,0,1,1,1,1,1,-1,0,-1,1.0,-1,-1,-1
1,0,1,1,1,1.0,1.0,0,1,1,1,1,1.0,1.0,1.0,-1.0,-1,-1,0,1,1,1,1,1,1,1,-1,1.0,1,-1,-1
1,-1,1,1,1,1.0,1.0,-1,1,-1,-1,1,1.0,1.0,1.0,-1.0,-1,-1,0,-1,1,-1,1,-1,-1,1,-1,1.0,-1,-1,-1
1,-1,1,1,1,1.0,0.851,1,-1,1,1,1,0.8755,1.0,0.8342,-1.0,-1,-1,0,1,1,1,1,1,1,1,-1,1.0,-1,-1,1
1,-1,1,1,1,1.0,1.0,0,-1,-1,-1,1,1.0,1.0,1.0,-1.0,-1,-1,0,-1,1,-1,1,1,-1,0,-1,1.0,0,-1,-1
1,-1,1,1,1,1.0,0.8286,1,-1,-1,-1,1,0.8318,1.0,0.8639,-1.0,-1,-1,0,-1,1,-1,1,1,-1,1,1,1.0,0,-1,1
1,-1,1,1,-1,1.0,1.0,-1,1,1,1,1,1.0,1.0,1.0,-1.0,1,1,0,1,1,1,1,-1,-1,-1,-1,1.0,-1,1,-1
1,-1,1,1,1,1.0,0.8196,1,-1,1,1,1,0.8651,1.0,0.8987,-1.0,1,1,0,1,1,1,1,1,-1,-1,1,1.0,-1,1,1
1,-1,1,1,1,1.0,0.8919,1,-1,1,1,-1,0.8295,1.0,0.8904,-1.0,1,1,0,1,1,1,1,1,1,1,-1,1.0,0,1,1
1,-1,1,1,1,1.0,1.0,-1,1,1,1,-1,1.0,1.0,1.0,-1.0,1,1,0,1,1,1,1,1,-1,-1,-1,1.0,1,1,-1
1,-1,1,1,1,1.0,1.0,0,1,1,1,1,1.0,1.0,1.0,-1.0,1,1,0,1,1,1,1,1,-1,1,-1,1.0,1,1,-1
1,-1,1,1,1,1.0,1.0,-1,1,1,1,1,1.0,1.0,1.0,-1.0,1,1,0,1,1,1,1,-1,-1,-1,-1,1.0,1,1,-1
1,-1,1,1,1,1.0,1.0,0,1,1,1,1,1.0,1.0,1.0,-1.0,-1,1,0,1,1,1,1,1,1,-1,-1,1.0,1,1,-1
1,-1,1,1,1,1.0,0.9206,1,-1,1,1,1,0.8609,1.0,1.0,-1.0,1,1,0,1,1,1,1,1,1,0,-1,1.0,-1,1,1
1,-1,1,1,1,1.0,0.8238,1,-1,1,1,-1,0.8807,1.0,0.8602,-1.0,1,1,0,1,1,1,1,1,1,0,-1,1.0,-1,1,1
1,-1,1,1,1,1.0,0.897,1,-1,1,1,1,0.8944,0.8639,1.0,-1.0,1,1,0,1,1,1,1,1,1,1,-1,1.0,0,1,1
1,-1,1,1,1,1.0,1.0,1,1,1,1,1,1.0,1.0,1.0,-1.0,1,1,0,1,1,1,1,-1,-1,0,-1,1.0,1,1,-1
-1,-1,-1,1,-1,1.0,0.9115,1,-1,1,1,-1,0.8794,1.0,1.0,-1.0,1,-1,0,1,1,1,1,1,-1,1,-1,1.0,-1,-1,1
1,-1,1,1,1,0.8341,0.8069,1,-1,1,1,1,0.8897,1.0,1.0,-1.0,-1,1,0,1,1,1,1,1,-1,1,-1,1.0,0,1,1
1,-1,1,1,1,1.0,0.8381,1,-1,1,1,1,0.8087,1.0,0.8395,-1.0,1,1,0,1,1,1,1,1,-1,1,-1,1.0,0,1,1
1,-1,1,1,1,1.0,0.8532,1,-1,1,1,1,0.8799,0.8444,1.0,-1.0,1,1,0,1,1,1,1,1,-1,1,1,1.0,0,1,1
1,-1,1,1,1,1.0,1.0,-1,1,1,1,-1,1.0,1.0,1.0,-1.0,1,-1,0,1,1,1,1,-1,-1,0,-1,1.0,1,-1,-1
1,-1,1,1,1,1.0,0.831,1,-1,1,1,1,0.8402,1.0,0.8702,-1.0,1,1,0,1,1,1,1,1,1,1,1,1.0,0,1,1
1,-1,1,1,1,1.0,0.8922,1,-1,1,1,1,0.9268,1.0,1.0,-1.0,1,1,0,1,1,1,1,1,1,1,-1,1.0,0,1,1
1,-1,1,1,1,1.0,1.0,0,1,1,1,1,1.0,1.0,1.0,-1.0,1,1,0,1,1,1,1,1,-1,-1,-1,1.0,1,1,-1
1,-1,1,1,1,1.0,0.8466,1,-1,1,1,1,0.8636,0.8666,1.0,-1.0,1,1,0,1,1,1,1,1,1,1,-1,1.0,0,1,1
1,-1,1,1,1,1.0,0.9164,1,1,1,1,1,0.874,1.0,1.0,-1.0,1,1,0,1,1,1,1,1,-1,0,-1,1.0,1,1,1
1,-1,1,1,1,1.0,0.8314,1,-1,1,1,1,0.878,1.0,0.8091,-1.0,1,1,0,1,1,1,1,1,1,1,-1,1.0,0,1,1
1,-1,1,1,1,1.0,0.8102,1,-1,-1,-1,1,0.818,0.8472,1.0,-1.0,-1,1,0,1,1,-1,-1,1,-1,1,-1,1.0,1,1,1
1,-1,1,1,1,1.0,1.0,-1,1,1,1,1,1.0,1.0,1.0,-1.0,1,1,0,1,1,1,1,-1,-1,-1,-1,1.0,0,1,-1
1,-1,1,1,1,1.0,0.8672,1,-1,-1,1,1,0.886,1.0,0.8713,-1.0,1,1,0,1,1,-1,-1,1,-1,0,-1,1.0,1,1,1
1,-1,1,1,1,1.0,0.8072,1,-1,1,1,1,0.8309,0.8962,1.0,-1.0,1,1,0,1,1,1,1,1,1,1,-1,1.0,0,1,1
1,-1,1,-1,1,1.0,0.8423,1,-1,1,1,1,0.8794,1.0,0.8715,-1.0,1,1,0,1,1,1,1,1,1,1,1,1.0,0,1,1
1,-1,1,1,1,1.0,1.0,-1,-1,1,1,1,1.0,1.0,1.0,-1.0,1,1,0,1,1,1,1,-1,-1,-1,-1,1.0,1,1,-1
1,-1,1,1,1,1.0,1.0,-1,1,1,1,1,1.0,1.0,1.0,-1.0,1,1,0,1,1,1,1,1,-1,-1,-1,1.0,0,1,-1
1,-1,1,1,1,1.0,0.9019,1,-1,-1,1,1,0.8724,1.0,1.0,-1.0,1,1,0,1,1,-1,1,1,1,0,-1,1.0,0,1,1
1,-1,1,1,1,1.0,0.8811,-1,-1,1,1,1,0.8868,1.0,1.0,-1.0,1,1,0,1,1,1,1,1,1,0,-1,1.0,0,1,1
-1,-1,-1,1,-1,0.8895,0.8263,1,-1,1,1,-1,0.8767,1.0,1.0,-1.0,1,-1,1,1,1,1,1,1,-1,1,-1,1.0,1,-1,1
1,-1,1,1,1,1.0,1.0,-1,-1,-1,1,1,1.0,1.0,1.0,-1.0,1,1,0,1,1,-1,1,-1,-1,1,-1,1.0,1,1,-1
1,-1,1,1,1,1.0,0.8444,1,-1,-1,1,1,0.8325,0.8916,1.0,-1.0,1,1,0,1,1,-1,1,1,-1,1,-1,1.0,1,1,1
1,-1,1,1,1,1.0,0.8912,1,-1,1,1,1,0.8886,1.0,1.0,-1.0,1,1,0,1,1,1,1,1,1,1,1,1.0,0,1,1
1,-1,1,1,1,1.0,0.8846,1,-1,1,1,1,0.8705,1.0,1.0,-1.0,1,1,0,1,1,1,1,1,1,1,-1,1.0,0,1,1
1,-1,1,1,1,1.0,1.0,-1,1,1,1,1,1.0,1.0,1.0,-1.0,1,1,0,1,1,1,1,-1,-1,-1,-1,1.0,0,1,-1
1,-1,1,1,1,1.0,0.8934,1,-1,1,1,1,0.8864,1.0,1.0,-1.0,1,1,0,1,1,1,1,1,1,1,-1,1.0,0,1,1
1,-1,1,1,1,1.0,0.8906,1,-1,1,1,1,0.9273,1.0,1.0,-1.0,1,1,0,1,1,1,1,1,1,1,-1,1.0,0,1,1
1,-1,1,1,1,1.0,1.0,0,-1,-1,-1,1,1.0,1.0,1.0,-1.0,-1,1,0,1,1,-1,1,1,-1,1,-1,1.0,1,1,-1
1,-1,1,1,1,1.0,0.8437,1,-1,1,1,1,0.814,1.0,0.8794,-1.0,1,1,0,1,1,1,1,1,-1,1,1,1.0,1,1,1
1,-1,1,1,1,1.0,1.0,0,1,1,1,1,1.0,1.0,1.0,-1.0,1,1,0,1,1,1,1,1,-1,0,-1,1.0,1,1,-1
1,-1,1,1,1,1.0,1.0,-1,1,1,1,1,1.0,1.0,1.0,-1.0,1,1,0,1,1,1,1,-1,1,-1,-1,1.0,0,1,-1
1,-1,1,1,1,1.0,1.0,0,-1,1,1,1,1.0,1.0,1.0,-1.0,1,1,0,1,1,1,1,1,-1,-1,-1,1.0,1,1,-1
1,-1,1,1,1,1.0,0.8373,1,-1,1,1,1,0.8056,1.0,0.8249,-1.0,1,1,0,1,1,1,1,1,1,1,-1,1.0,0,1,1
1,-1,1,1,1,1.0,1.0,0,-1,1,1,1,1.0,1.0,1.0,-1.0,1,1,0,1,1,1,1,1,-1,-1,-1,1.0,1,1,-1
1,-1,1,1,1,1.0,1.0,1,1,1,1,1,1.0,1.0,1.0,-1.0,1,1,0,1,1,1,1,-1,1,-1,-1,1.0,0,1,-1
1,-1,1,1,1,1.0,0.9173,-1,1,1,1,1,0.873,1.0,1.0,-1.0,1,1,0,1,1,1,1,1,-1,-1,1,1.0,1,1,1
1,-1,1,1,1,1.0,1.0,-1,1,1,1,1,1.0,1.0,1.0,-1.0,1,1,0,1,1,1,1,-1,1,-1,-1,1.0,0,1,-1
1,-1,1,1,1,1.0,0.8257,1,-1,1,1,1,0.8333,1.0,0.8164,-1.0,1,1,0,1,1,1,1,1,-1,0,-1,1.0,1,1,1
1,-1,1,1,1,1.0,0.8721,1,-1,1,1,1,0.8646,1.0,0.8883,-1.0,1,1,0,1,1,1,1,1,-1,-1,-1,1.0,1,1,1
1,-1,1,1,1,1.0,0.8961,-1,-1,1,1,1,0.893,1.0,1.0,-1.0,1,1,0,1,1,-1,1,1,-1,0,-1,1.0,1,1,1
1,-1,1,1,1,1.0,0.9068,1,-1,1,1,1,0.9228,1.0,1.0,-1.0,1,1,0,1,1,1,1,1,1,1,-1,1.0,0,1,1
-1,-1,-1,1,-1,1.0,0.8374,1,1,1,1,-1,0.8144,1.0,0.8907,-1.0,1,-1,1,1,1,1,1,1,-1,1,-1,1.0,1,1,1
1,-1,1,1,1,1.0,0.926,1,-1,1,1,1,0.9076,1.0,1.0,-1.0,1,1,0,1,1,1,1,-1,1,0,-1,1.0,0,1,1
1,-1,1,1,1,1.0,0.8323,1,1,1,1,1,0.8774,0.8325,1.0,-1.0,1,1,0,1,1,1,1,1,1,1,-1,1.0,0,1,1
1,-1,1,1,1,1.0,1.0,1,1,1,1,1,1.0,1.0,1.0,-1.0,1,1,0,1,1,1,1,-1,1,1,-1,1.0,0,1,-1
1,-1,1,1,1,1.0,1.0,0,1,-1,-1,1,1.0,1.0,1.0,-1.0,-1,1,0,-1,1,-1,1,1,-1,1,-1,1.0,1,-1,-1
1,-1,1,1,1,1.0,1.0,-1,1,1,1,1,1.0,1.0,1.0,-1.0,1,1,0,1,1,1,1,-1,1,0,-1,1.0,0,1,-1
1,-1,1,1,1,1.0,0.8819,1,-1,1,1,1,0.9126,1.0,1.0,-1.0,1,1,0,1,1,1,1,1,1,0,-1,1.0,0,1,1
1,-1,1,1,1,1.0,1.0,1,1,1,1,1,1.0,1.0,1.0,-1.0,1,1,0,1,1,1,1,-1,-1,0,-1,1.0,0,1,-1
1,-1,1,-1,1,1.0,0.8278,1,-1,1,1,1,0.8882,1.0,0.8992,-1.0,1,1,0,1,1,1,1,1,1,1,1,1.0,0,1,1
1,-1,1,1,1,1.0,0.8861,1,-1,1,1,1,0.9272,1.0,1.0,-1.0,1,1,0,1,1,1,1,1,1,0,-1,1.0,0,1,1
1,-1,1,1,1,1.0,1.0,-1,1,1,1,1,1.0,1.0,1.0,-1.0,1,1,0,1,1,1,1,-1,-1,0,-1,1.0,1,1,-1
-1,-1,-1,1,-1,1.0,0.873,-1,-1,1,1,-1,0.8716,1.0,1.0,-1.0,1,-1,1,1,1,1,1,1,-1,1,1,1.0,1,1,1
1,-1,1,1,1,1.0,1.0,-1,1,1,1,1,1.0,1.0,1.0,-1.0,1,1,0,1,1,1,1,-1,1,0,-1,1.0,0,1,-1
1,-1,1,1,1,1.0,0.8347,1,-1,1,1,1,0.8188,0.8909,1.0,-1.0,1,1,0,1,1,1,1,1,1,0,-1,1.0,0,1,1
1,-1,1,-1,1,1.0,0.8505,1,1,1,1,1,0.8427,1.0,0.8948,-1.0,1,1,0,1,1,1,1,1,1,1,1,1.0,0,1,1
1,-1,1,1,1,1.0,0.8852,1,-1,1,1,1,0.8315,0.8687,1.0,-1.0,1,1,0,1,1,1,1,1,1,1,1,1.0,0,1,1
1,-1,1,1,1,1.0,1.0,-1,1,1,1,1,1.0,1.0,1.0,-1.0,1,1,0,1,1,1,1,-1,1,0,-1,1.0,0,1,-1
1,-1,1,1,1,1.0,1.0,-1,1,1,1,1,1.0,1.0,1.0,-1.0,1,1,0,1,1,1,1,-1,-1,-1,-1,1.0,1,1,-1
1,-1,1,1,1,1.0,0.8739,1,-1,1,1,1,0.8948,0.8142,1.0,-1.0,1,1,0,1,1,1,1,1,1,0,-1,1.0,0,1,1
1,-1,1,1,1,1.0,1.0,0,-1,-1,-1,1,1.0,1.0,1.0,-1.0,-1,1,0,-1,-1,-1,-1,1,-1,1,-1,1.0,1,-1,-1
1,-1,1,1,1,1.0,0.8815,1,-1,1,1,1,0.8596,1.0,0.8302,-1.0,1,1,0,1,1,1,1,1,1,1,-1,1.0,0,1,1
1,-1,1,1,1,1.0,0.8856,1,1,1,1,1,0.8926,1.0,1.0,-1.0,1,1,0,1,1,1,1,1,1,1,1,1.0,0,1,1
1,-1,1,1,1,1.0,1.0,0,1,1,1,1,1.0,1.0,1.0,-1.0,1,1,0,1,1,1,1,1,1,-1,-1,1.0,0,1,-1
1,-1,1,1,1,1.0,0.8592,1,-1,1,1,1,0.9282,1.0,1.0,-1.0,1,1,0,1,1,1,1,1,1,0,-1,1.0,0,1,1
1,-1,1,1,1,1.0,1.0,1,1,1,1,1,1.0,1.0,1.0,-1.0,1,1,0,1,1,1,1,-1,1,-1,-1,1.0,0,1,-1
1,-1,1,1,1,1.0,1.0,0,-1,1,1,1,0.8689,1.0,1.0,-1.0,1,1,0,1,1,1,1,1,1,-1,-1,1.0,0,1,-1
1,-1,1,1,1,1.0,1.0,-1,1,1,1,1,1.0,1.0,1.0,-1.0,1,1,0,1,1,1,1,1,1,-1,-1,1.0,0,1,-1
1,-1,1,1,1,1.0,1.0,-1,1,1,1,1,1.0,1.0,1.0,-1.0,1,1,0,1,1,1,1,-1,-1,-1,-1,1.0,1,1,-1
1,-1,1,1,1,1.0,0.9269,1,-1,1,1,1,0.9279,1.0,1.0,-1.0,1,1,0,1,1,1,1,1,1,1,1,1.0,0,1,1
1,-1,1,1,1,1.0,1.0,-1,1,1,1,1,1.0,1.0,1.0,-1.0,1,1,0,1,1,1,1,-1,1,0,-1,1.0,0,1,-1
1,-1,1,1,1,1.0,1.0,-1,1,1,1,1,1.0,1.0,1.0,-1.0,1,1,0,1,1,1,1,-1,1,1,-1,1.0,0,1,-1
1,-1,1,1,1,1.0,1.0,-1,-1,1,1,1,1.0,1.0,1.0,-1.0,1,1,0,1,1,1,1,1,1,-1,-1,1.0,0,1,-1
1,-1,1,1,1,1.0,1.0,-1,1,1,1,1,1.0,1.0,1.0,-1.0,1,1,0,1,1,1,1,-1,1,-1,-1,1.0,0,1,-1
1,-1,1,1,1,1.0,0.8721,1,-1,1,1,1,0.9039,1.0,1.0,-1.0,1,1,0,1,1,1,1,-1,1,0,-1,1.0,0,1,1
1,-1,1,1,1,1.0,0.9267,1,-1,1,1,1,0.8903,1.0,1.0,-1.0,1,1,0,1,1,1,1,1,1,1,-1,1.0,0,1,1
1,-1,1,1,1,1.0,0.8431,-1,-1,1,1,1,0.8273,1.0,0.8483,-1.0,1,1,0,1,1,1,1,1,-1,-1,-1,1.0,1,1,1
1,-1,1,1,1,1.0,1.0,0,1,1,1,1,1.0,1.0,1.0,-1.0,1,1,0,1,1,1,1,1,-1,-1,-1,1.0,1,1,-1
1,-1,1,1,1,1.0,0.8896,1,-1,1,1,1,0.8682,0.8872,1.0,-1.0,1,1,0,1,1,1,1,1,1,1,-1,1.0,0,1,1
1,-1,1,1,1,1.0,1.0,-1,1,1,1,1,1.0,1.0,1.0,-1.0,1,1,0,1,1,1,1,-1,1,0,-1,1.0,0,1,-1
1,-1,1,1,1,1.0,1.0,-1,1,1,1,1,1.0,1.0,1.0,-1.0,1,1,0,1,1,1,1,-1,1,0,-1,1.0,0,1,-1
1,-1,1,1,1,1.0,1.0,-1,-1,1,1,1,1.0,1.0,1.0,-1.0,1,1,0,1,1,1,1,-1,1,-1,-1,1.0,0,1,-1
1,-1,1,1,1,1.0,1.0,1,-1,1,1,1,1.0,1.0,1.0,-1.0,1,1,0,1,1,1,1,-1,1,0,-1,1.0,0,1,-1
1,-1,1,1,1,1.0,1.0,0,-1,1,1,1,1.0,1.0,1.0,-1.0,1,1,0,1,1,1,1,1,-1,-1,-1,1.0,1,1,-1
1,-1,1,1,1,1.0,1.0,-1,1,1,1,1,1.0,1.0,1.0,-1.0,1,1,0,1,1,1,1,-1,-1,0,-1,1.0,1,1,-1
-1,-1,-1,1,-1,1.0,0.8647,1,-1,1,1,-1,0.8457,0.8618,1.0,-1.0,1,-1,1,1,1,1,1,1,-1,1,-1,1.0,1,1,1
1,-1,1,1,1,1.0,1.0,-1,-1,1,1,1,1.0,1.0,1.0,-1.0,1,1,0,1,1,1,1,-1,1,0,-1,1.0,0,1,-1
1,-1,1,1,1,1.0,0.8788,1,-1,1,1,1,0.8782,1.0,0.8839,-1.0,1,1,0,1,1,1,1,1,-1,-1,1,1.0,1,1,1
1,-1,1,1,1,1.0,1.0,-1,1,1,1,1,1.0,1.0,1.0,-1.0,1,1,0,1,1,1,1,1,1,-1,-1,1.0,0,1,-1
1,-1,1,1,1,1.0,0.8588,1,-1,1,1,1,0.8652,0.8652,1.0,-1.0,1,1,0,1,1,1,1,1,-1,-1,-1,1.0,1,1,1
1,-1,1,1,1,1.0,1.0,-1,1,1,1,1,1.0,1.0,1.0,-1.0,1,1,0,1,1,1,1,-1,1,1,-1,1.0,0,1,-1
1,-1,1,1,1,1.0,0.8999,1,-1,1,1,1,0.8871,0.8696,1.0,-1.0,1,1,0,1,1,1,1,1,1,1,-1,1.0,0,1,1
1,-1,1,1,1,1.0,1.0,0,-1,-1,-1,1,0.9147,1.0,1.0,-1.0,-1,1,0,-1,-1,-1,-1,1,1,1,-1,1.0,0,-1,-1
1,-1,1,1,1,1.0,1.0,-1,1,1,1,1,1.0,1.0,1.0,-1.0,1,1,0,1,1,1,1,1,-1,0,-1,1.0,1,1,-1
1,1,1,1,1,1.0,0.8216,1,-1,1,1,1,0.8023,1.0,0.83,-1.0,1,-1,0,1,1,1,1,1,1,1,1,1.0,0,1,1
1,1,-1,1,1,1.0,0.8518,1,-1,1,1,1,0.8173,1.0,0.8302,-1.0,1,1,0,1,1,1,1,1,1,-1,-1,1.0,1,-1,1
1,1,1,-1,1,1.0,1.0,1,1,-1,-1,1,1.0,1.0,1.0,-1.0,1,1,0,-1,-1,-1,-1,1,-1,0,-1,1.0,0,-1,-1
1,1,1,1,1,1.0,0.9131,1,-1,1,1,1,0.8769,1.0,1.0,-1.0,1,-1,0,1,1,1,1,-1,1,0,-1,1.0,0,-1,1
1,-1,1,-1,1,1.0,1.0,-1,1,1,1,1,1.0,1.0,1.0,-1.0,1,-1,0,1,1,1,1,-1,1,0,1,1.0,0,1,-1
1,-1,1,1,1,1.0,0.875,1,-1,1,1,1,0.8519,0.8428,1.0,-1.0,1,1,0,1,1,1,1,1,1,0,-1,1.0,0,1,1
1,-1,1,-1,1,1.0,1.0,-1,1,1,1,1,1.0,1.0,1.0,-1.0,1,1,0,1,1,1,1,1,1,-1,1,1.0,1,1,-1
1,-1,1,1,1,1.0,0.8948,1,-1,1,1,1,0.8662,0.8706,1.0,-1.0,1,1,0,1,1,1,1,1,1,1,-1,1.0,0,1,1
-1,-1,-1,1,-1,0.811,0.878,1,1,1,1,-1,0.8751,1.0,1.0,-1.0,1,1,0,1,1,1,1,1,-1,1,-1,1.0,1,1,1
1,1,1,1,1,1.0,1.0,-1,-1,1,1,1,1.0,1.0,1.0,-1.0,1,-1,0,1,1,-1,1,-1,-1,-1,-1,1.0,0,1,-1
1,-1,1,1,1,1.0,0.8811,1,-1,1,1,1,0.8106,1.0,0.8054,-1.0,1,1,0,1,1,1,1,1,1,1,-1,1.0,0,1,1
1,-1,1,1,1,1.0,0.8045,1,-1,1,1,1,0.8192,0.8499,1.0,-1.0,1,1,0,1,1,1,1,1,1,1,-1,1.0,0,1,1
1,0,-1,1,1,1.0,0.8691,1,-1,1,1,1,0.9155,1.0,1.0,-1.0,1,1,0,-1,1,-1,1,-1,-1,0,-1,1.0,1,1,1
1,0,-1,1,1,1.0,0.8806,1,-1,1,1,1,0.834,1.0,0.8138,-1.0,1,1,0,1,1,1,1,1,-1,1,1,1.0,0,1,1
1,-1,1,1,1,1.0,1.0,-1,1,1,1,1,1.0,1.0,1.0,-1.0,1,1,0,1,1,1,1,-1,-1,-1,-1,1.0,0,1,-1
1,-1,1,1,1,1.0,0.8634,1,-1,1,1,1,0.8545,1.0,0.8935,-1.0,1,1,0,-1,1,1,1,1,-1,1,-1,1.0,0,1,1
1,-1,1,1,1,1.0,0.8216,1,-1,1,1,1,0.8107,0.8225,1.0,-1.0,1,1,0,1,1,1,1,1,1,1,-1,1.0,0,1,1
1,-1,1,-1,1,1.0,1.0,1,1,-1,-1,-1,1.0,1.0,1.0,-1.0,-1,1,0,-1,-1,-1,-1,1,-1,1,-1,1.0,1,-1,-1
1,-1,1,1,1,1.0,0.8425,1,-1,1,1,1,0.848,0.8895,1.0,-1.0,1,1,0,1,1,1,1,1,1,1,-1,1.0,0,1,1
1,-1,1,1,1,1.0,1.0,-1,1,1,1,1,1.0,1.0,1.0,-1.0,1,1,0,1,1,1,1,-1,-1,-1,1,1.0,0,1,-1
1,-1,1,1,1,1.0,1.0,-1,1,1,1,1,1.0,1.0,1.0,-1.0,1,1,0,1,1,1,1,1,-1,-1,-1,1.0,1,1,-1
1,-1,1,1,1,1.0,0.8819,1,-1,1,1,1,0.9231,1.0,1.0,-1.0,1,-1,0,1,1,1,1,1,1,1,-1,1.0,0,-1,1
1,-1,1,1,1,1.0,0.8777,1,-1,1,1,1,0.8957,1.0,1.0,-1.0,1,1,0,1,1,1,1,1,1,1,-1,1.0,0,1,1
1,-1,1,1,1,1.0,0.8218,1,-1,1,1,1,0.8341,0.8325,1.0,-1.0,1,1,0,1,1,1,1,1,1,1,-1,1.0,0,1,1
1,-1,1,-1,1,1.0,1.0,-1,1,1,1,1,1.0,1.0,1.0,-1.0,1,-1,0,1,1,1,1,-1,-1,-1,-1,1.0,0,1,-1
1,-1,1,1,1,1.0,0.8577,1,1,1,1,1,0.8395,1.0,0.8936,-1.0,1,1,0,1,1,1,1,1,1,1,1,1.0,0,1,1
1,0,-1,1,1,1.0,0.8905,1,-1,1,1,-1,0.8867,1.0,0.8794,-1.0,1,1,0,1,1,1,1,1,-1,1,1,1.0,0,1,1
1,-1,1,1,1,1.0,0.9046,1,-1,1,1,1,0.8992,1.0,1.0,-1.0,1,1,0,1,1,1,1,1,1,1,-1,1.0,0,1,1
1,-1,1,1,1,1.0,0.882,1,-1,1,1,1,0.8415,0.8485,1.0,-1.0,1,1,0,1,1,1,1,1,1,1,-1,1.0,0,-1,1
1,-1,1,1,1,1.0,1.0,-1,1,1,1,1,1.0,1.0,1.0,-1.0,1,1,0,1,1,1,1,-1,-1,-1,-1,1.0,0,1,-1
1,-1,1,1,1,1.0,0.8122,1,-1,-1,-1,1,0.8144,1.0,0.8578,-1.0,-1,-1,0,-1,1,-1,1,1,-1,1,1,1.0,0,-1,1
1,-1,1,1,1,1.0,1.0,-1,-1,1,1,-1,1.0,1.0,1.0,-1.0,1,1,0,1,1,1,1,-1,1,0,-1,1.0,0,1,-1
1,-1,1,1,-1,1.0,0.8541,1,-1,1,1,1,0.8231,1.0,0.8353,-1.0,1,1,0,1,1,1,1,1,-1,1,1,1.0,1,1,1
1,-1,1,1,-1,1.0,1.0,-1,1,1,1,1,1.0,1.0,1.0,-1.0,1,1,0,1,1,1,1,-1,-1,-1,1,1.0,-1,1,-1
1,-1,1,1,1,1.0,1.0,0,-1,1,1,1,1.0,1.0,1.0,-1.0,1,1,0,1,1,1,1,1,-1,-1,-1,1.0,1,1,-1
1,1,1,1,1,1.0,0.8833,0,-1,1,1,1,0.9223,1.0,1.0,-1.0,1,1,0,1,1,1,1,1,1,1,-1,1.0,-1,-1,1
1,-1,1,-1,1,1.0,1.0,-1,1,1,1,1,1.0,1.0,1.0,-1.0,1,1,0,1,1,1,1,-1,-1,0,-1,1.0,0,1,-1
1,-1,1,-1,1,1.0,1.0,0,1,1,1,1,1.0,1.0,1.0,-1.0,1,1,0,1,1,1,1,1,1,-1,-1,1.0,0,1,-1
1,-1,1,1,1,1.0,0.8761,1,-1,1,1,1,0.8885,1.0,1.0,-1.0,1,1,0,1,1,1,1,1,1,1,-1,1.0,0,1,1
1,-1,1,1,1,1.0,1.0,-1,1,1,1,-1,1.0,1.0,1.0,-1.0,-1,-1,0,1,1,1,1,1,1,0,-1,1.0,-1,-1,-1
1,-1,1,1,1,1.0,0.881,1,-1,-1,1,1,0.8896,0.8207,1.0,-1.0,1,1,0,1,1,-1,1,1,-1,1,-1,1.0,1,1,1
1,-1,1,1,1,1.0,0.8878,1,-1,1,1,1,0.8567,1.0,0.8673,-1.0,1,1,0,1,1,1,1,1,-1,-1,1,1.0,-1,1,1
-1,-1,-1,1,-1,1.0,0.8681,1,1,1,1,-1,0.8378,1.0,0.8166,-1.0,1,-1,1,1,1,1,1,1,-1,1,-1,1.0,1,1,1
1,-1,1,1,1,1.0,0.8661,-1,-1,1,1,1,0.9239,1.0,1.0,-1.0,1,1,0,1,1,1,1,1,1,0,-1,1.0,0,-1,1
1,-1,1,1,1,1.0,0.8971,1,-1,1,1,1,0.8919,0.8663,1.0,-1.0,-1,-1,0,1,1,1,1,1,1,1,1,1.0,0,-1,1
1,-1,1,1,1,1.0,0.8611,1,1,1,1,1,0.8315,0.8615,1.0,-1.0,1,1,0,1,1,1,1,1,1,1,-1,1.0,0,1,1
1,-1,1,1,1,1.0,0.8834,1,-1,1,1,1,0.8999,1.0,1.0,-1.0,1,1,0,1,1,1,1,1,1,1,-1,1.0,0,1,1
1,-1,1,1,1,1.0,0.8849,1,-1,1,1,1,0.886,1.0,0.8607,-1.0,1,1,0,1,1,1,1,1,1,-1,1,1.0,-1,1,1
1,-1,1,1,1,1.0,0.8417,1,-1,1,1,1,0.8578,1.0,0.8078,-1.0,1,1,0,1,1,1,1,1,-1,1,-1,1.0,0,1,1
-1,-1,-1,1,-1,1.0,0.9084,-1,-1,1,1,-1,0.8873,1.0,1.0,-1.0,1,-1,1,1,1,1,1,1,1,1,1,1.0,1,1,1
1,-1,1,1,1,1.0,1.0,1,1,1,1,1,1.0,1.0,1.0,-1.0,1,1,0,1,1,1,1,-1,-1,0,-1,1.0,0,1,-1
1,-1,1,1,1,1.0,1.0,0,1,1,1,1,1.0,1.0,1.0,-1.0,1,1,0,1,1,1,1,1,-1,-1,-1,1.0,1,1,-1
1,-1,1,1,1,1.0,1.0,-1,1,1,1,1,1.0,1.0,1.0,-1.0,1,1,0,1,1,1,1,-1,-1,0,-1,1.0,0,-1,-1
1,-1,1,1,1,1.0,0.8456,1,-1,1,1,1,0.8514,1.0,0.8857,-1.0,-1,-1,0,1,1,1,1,1,1,1,-1,1.0,-1,-1,1
1,-1,1,1,1,1.0,1.0,-1,1,1,1,1,1.0,1.0,1.0,-1.0,1,1,0,1,1,1,1,-1,-1,0,-1,1.0,1,1,-1
1,-1,1,1,1,1.0,0.8781,1,-1,1,1,1,0.8179,1.0,0.866,-1.0,1,1,0,1,1,1,1,1,-1,-1,-1,1.0,1,1,1
-1,-1,-1,1,-1,1.0,0.8881,1,-1,1,1,-1,0.8589,0.8013,1.0,-1.0,1,-1,1,1,1,1,1,1,-1,1,-1,1.0,1,1,1
1,-1,1,1,1,1.0,0.8913,1,-1,1,1,1,0.9286,1.0,1.0,-1.0,1,1,0,1,1,1,1,1,1,0,-1,1.0,0,1,1
1,-1,1,1,1,1.0,0.869,1,-1,-1,-1,1,0.8255,0.8435,1.0,-1.0,-1,1,0,1,1,-1,-1,1,1,1,-1,1.0,1,1,1
1,-1,1,1,1,1.0,1.0,-1,1,1,1,1,1.0,1.0,1.0,-1.0,1,1,0,1,1,1,1,-1,-1,-1,1,1.0,0,1,-1
1,-1,1,1,1,1.0,1.0,0,1,1,1,1,1.0,1.0,1.0,-1.0,1,1,0,1,1,1,1,1,1,-1,-1,1.0,0,1,-1
1,-1,1,1,1,1.0,1.0,0,-1,1,1,1,0.9216,1.0,1.0,-1.0,1,1,0,1,1,1,1,1,-1,-1,-1,1.0,1,1,-1
1,-1,1,1,1,1.0,1.0,0,-1,1,1,1,1.0,1.0,1.0,-1.0,1,1,0,1,1,1,1,1,-1,-1,-1,1.0,1,1,-1
1,-1,1,1,1,1.0,1.0,1,1,1,1,1,1.0,1.0,1.0,-1.0,1,1,0,1,1,1,1,1,-1,1,-1,1.0,0,1,-1
1,-1,1,1,1,1.0,1.0,0,-1,1,1,1,1.0,1.0,1.0,-1.0,1,1,0,1,1,1,1,1,1,0,-1,1.0,0,1,-1
-1,-1,-1,1,-1,1.0,0.875,1,1,1,1,-1,0.8761,1.0,0.8417,-1.0,1,-1,1,1,1,1,1,1,-1,1,-1,1.0,1,1,1
1,-1,1,1,-1,1.0,1.0,-1,1,1,1,1,1.0,1.0,1.0,-1.0,1,1,0,1,1,1,1,-1,-1,-1,-1,1.0,-1,1,-1
1,-1,1,1,1,1.0,1.0,-1,1,1,1,1,1.0,1.0,1.0,-1.0,1,1,0,1,1,1,1,1,1,-1,-1,1.0,0,1,-1
1,-1,1,1,1,1.0,0.8697,1,-1,1,1,1,0.9039,1.0,1.0,-1.0,1,1,0,1,1,1,1,1,1,1,-1,1.0,0,1,1
1,-1,1,1,1,1.0,0.925,1,-1,1,1,1,0.8647,1.0,1.0,-1.0,1,1,0,1,1,1,1,1,1,1,1,1.0,0,1,1
1,0,1,1,1,1.0,1.0,0,1,1,1,1,1.0,1.0,1.0,-1.0,-1,-1,0,1,1,1,1,1,-1,1,-1,1.0,1,-1,-1
1,-1,1,1,1,1.0,1.0,-1,1,1,1,1,1.0,1.0,1.0,-1.0,1,1,0,1,1,1,1,-1,-1,0,-1,1.0,1,-1,-1
1,-1,1,1,1,1.0,0.8989,1,-1,1,1,1,0.8957,1.0,1.0,-1.0,1,1,0,1,1,1,1,1,1,1,-1,1.0,0,1,1
1,-1,1,1,1,1.0,1.0,0,1,1,1,1,1.0,1.0,1.0,-1.0,1,1,0,1,1,1,1,1,-1,-1,-1,1.0,1,1,-1
1,-1,1,1,1,1.0,0.854,1,-1,1,1,1,0.8871,0.8734,1.0,-1.0,1,1,0,1,1,1,1,1,1,0,-1,1.0,0,1,1
1,-1,1,1,1,1.0,0.8467,-1,-1,1,1,1,0.8274,1.0,0.8288,-1.0,1,1,0,1,1,1,1,1,-1,-1,-1,1.0,1,1,1
1,-1,1,1,1,1.0,1.0,-1,1,1,1,1,1.0,1.0,1.0,-1.0,1,1,0,1,1,1,1,-1,-1,0,-1,1.0,1,1,-1
1,-1,1,1,1,1.0,0.805,1,-1,1,1,-1,0.8394,1.0,0.8436,-1.0,1,1,0,1,1,1,1,1,1,0,-1,1.0,-1,1,1
1,-1,1,1,1,1.0,0.8588,1,-1,1,1,1,0.8597,1.0,1.0,-1.0,1,1,0,1,1,1,1,1,1,1,1,1.0,0,1,1
1,-1,1,1,1,1.0,0.8529,1,-1,1,1,1,0.852,1.0,0.8963,-1.0,1,1,0,1,1,1,1,1,-1,1,-1,1.0,0,1,1
1,-1,1,1,1,1.0,0.8325,1,-1,1,1,1,0.8244,1.0,0.8369,-1.0,1,1,0,1,1,1,1,1,-1,-1,1,1.0,1,1,1
1,-1,1,1,1,1.0,1.0,-1,1,1,1,-1,1.0,1.0,1.0,-1.0,1,1,0,1,1,1,1,1,-1,-1,-1,1.0,1,1,-1
1,-1,1,1,1,1.0,1.0,-1,1,1,1,1,1.0,1.0,1.0,-1.0,1,1,0,1,1,1,1,-1,-1,-1,-1,1.0,0,1,-1
1,-1,1,1,1,1.0,1.0,-1,1,1,1,1,1.0,1.0,1.0,-1.0,1,1,0,1,1,1,1,-1,-1,-1,-1,1.0,1,1,-1
1,-1,1,1,1,1.0,0.8892,1,-1,-1,1,1,0.8008,1.0,0.8087,-1.0,1,1,0,1,1,-1,-1,1,-1,0,-1,1.0,1,1,1
1,-1,1,-1,1,1.0,0.8054,1,1,1,1,1,0.8059,1.0,0.8148,-1.0,1,1,0,1,1,1,1,1,1,1,1,1.0,0,1,1
1,-1,1,1,1,1.0,0.8411,1,-1,1,1,1,0.8344,0.8544,1.0,-1.0,1,1,0,1,1,1,1,1,1,1,-1,1.0,0,1,1
-1,-1,-1,1,-1,1.0,0.9253,1,-1,1,1,-1,0.8729,1.0,1.0,-1.0,1,-1,0,1,1,1,1,1,-1,1,-1,1.0,-1,-1,1
1,-1,1,1,1,1.0,0.9262,-1,-1,1,1,1,0.9088,1.0,1.0,-1.0,1,1,0,1,1,-1,1,1,-1,0,-1,1.0,1,1,1
1,-1,1,1,1,1.0,1.0,-1,1,1,1,1,1.0,1.0,1.0,-1.0,1,1,0,1,1,1,1,-1,-1,-1,-1,1.0,0,1,-1
1,1,1,1,1,1.0,0.9188,0,-1,1,1,1,0.9103,1.0,1.0,-1.0,1,1,0,1,1,1,1,1,1,1,-1,1.0,-1,1,1
1,-1,1,1,1,1.0,0.8876,1,-1,1,1,1,0.8888,1.0,0.8292,-1.0,1,1,0,1,1,1,1,1,1,1,-1,1.0,0,1,1
1,-1,1,1,1,1.0,0.8905,1,-1,1,1,-1,0.8707,1.0,0.8769,-1.0,1,1,0,1,1,1,1,1,1,1,-1,1.0,0,1,1
1,-1,1,1,1,1.0,0.895,1,-1,1,1,1,0.8673,0.8049,1.0,-1.0,1,1,0,1,1,1,1,1,1,1,1,1.0,0,1,1
1,-1,1,1,1,1.0,1.0,-1,-1,1,1,1,1.0,1.0,1.0,-1.0,1,1,0,1,1,1,1,-1,-1,-1,-1,1.0,1,1,-1
1,-1,1,1,1,1.0,0.8665,1,-1,1,1,1,0.9287,1.0,1.0,-1.0,1,1,0,1,1,1,1,1,1,1,1,1.0,0,1,1
1,-1,1,-1,1,1.0,0.886,1,1,1,1,1,0.817,1.0,0.8607,-1.0,1,1,0,1,1,1,1,1,1,1,1,1.0,0,1,1
1,-1,1,-1,1,1.0,1.0,-1,-1,1,1,1,1.0,1.0,1.0,-1.0,1,1,0,1,1,1,1,-1,-1,-1,-1,1.0,0,1,-1
1,-1,1,1,1,1.0,0.8708,1,-1,1,1,1,0.8657,1.0,1.0,-1.0,1,1,0,1,1,1,1,1,-1,1,-1,1.0,0,1,1
1,-1,1,1,1,1.0,0.8789,1,-1,1,1,1,0.8827,1.0,1.0,-1.0,1,1,0,1,1,1,1,1,1,0,-1,1.0,0,1,1
1,1,-1,1,1,1.0,1.0,-1,1,1,1,1,1.0,1.0,1.0,-1.0,1,1,0,1,1,1,1,-1,-1,0,-1,1.0,1,1,-1
1,-1,1,1,1,1.0,0.8051,1,1,1,1,1,0.8462,0.8352,1.0,-1.0,1,1,0,1,1,1,1,1,1,1,-1,1.0,0,1,1
1,-1,1,1,1,1.0,1.0,1,1,1,1,1,1.0,1.0,1.0,-1.0,1,1,0,1,1,1,1,-1,-1,0,-1,1.0,1,1,-1
1,-1,1,1,1,1.0,1.0,-1,1,1,1,-1,1.0,1.0,1.0,-1.0,1,1,0,1,1,1,1,1,-1,-1,-1,1.0,1,-1,-1
-1,0,-1,1,-1,1.0,0.8601,1,-1,1,1,-1,0.8587,1.0,1.0,-1.0,-1,-1,0,1,1,1,1,1,-1,1,-1,1.0,-1,-1,1
1,-1,1,1,1,1.0,1.0,0,1,-1,-1,1,1.0,1.0,1.0,-1.0,-1,1,0,-1,1,-1,1,1,-1,1,-1,1.0,1,-1,-1
-1,-1,-1,1,-1,1.0,0.9,-1,-1,1,1,-1,0.9049,1.0,1.0,-1.0,1,-1,1,1,1,1,1,1,-1,1,1,1.0,1,1,1
1,-1,1,1,1,1.0,1.0,0,1,1,1,1,1.0,1.0,1.0,-1.0,1,1,0,1,1,1,1,1,1,1,-1,1.0,1,1,-1
1,-1,1,1,1,1.0,1.0,-1,1,1,1,1,1.0,1.0,1.0,-1.0,1,1,0,1,1,1,1,-1,-1,-1,-1,1.0,0,1,-1
1,-1,1,1,1,1.0,0.8604,1,-1,1,1,1,0.9283,1.0,1.0,-1.0,1,1,0,1,1,1,1,-1,-1,0,-1,1.0,0,1,1
1,-1,1,1,1,1.0,0.8751,1,-1,1,1,1,0.8821,1.0,1.0,-1.0,1,1,0,1,1,1,1,1,1,0,-1,1.0,0,1,1
1,-1,1,1,1,1.0,1.0,0,1,1,1,1,1.0,1.0,1.0,-1.0,1,1,0,1,1,1,1,1,-1,-1,-1,1.0,1,1,-1
1,-1,1,1,1,1.0,0.8425,1,-1,1,1,1,0.8014,1.0,0.8453,-1.0,1,1,0,1,1,1,1,1,1,1,-1,1.0,0,1,1
1,-1,1,1,1,1.0,0.8517,1,-1,1,1,1,0.8573,1.0,0.8001,-1.0,1,1,0,1,1,1,1,1,1,1,1,1.0,0,1,1
1,-1,1,1,1,1.0,0.8468,1,-1,1,1,1,0.8117,1.0,0.8559,-1.0,1,1,0,1,1,1,1,1,1,1,-1,1.0,0,1,1
1,-1,1,1,1,1.0,1.0,0,-1,1,1,1,1.0,1.0,1.0,-1.0,-1,1,0,1,1,1,1,1,-1,-1,-1,1.0,0,1,-1
1,-1,1,1,1,1.0,0.9265,1,1,1,1,1,0.916,1.0,1.0,-1.0,1,1,0,1,1,1,1,1,-1,0,-1,1.0,1,1,1
1,-1,1,1,1,1.0,1.0,1,1,1,1,1,1.0,1.0,1.0,-1.0,1,1,0,1,1,1,1,-1,1,-1,-1,1.0,0,1,-1
1,-1,1,1,1,1.0,0.9264,1,-1,1,1,1,0.9233,1.0,1.0,-1.0,1,1,0,1,1,1,1,1,1,0,-1,1.0,0,1,1
1,-1,1,-1,1,1.0,1.0,-1,1,1,1,1,1.0,1.0,1.0,-1.0,1,1,0,1,1,1,1,1,1,-1,-1,1.0,0,1,-1
1,-1,1,-1,1,1.0,1.0,-1,1,1,1,1,1.0,1.0,1.0,-1.0,1,1,0,1,1,1,1,-1,-1,0,-1,1.0,1,1,-1
1,-1,1,1,1,1.0,1.0,0,1,1,1,1,1.0,1.0,1.0,-1.0,1,1,0,1,1,1,1,1,-1,-1,-1,1.0,1,1,-1
1,-1,1,1,1,1.0,1.0,-1,1,1,1,1,1.0,1.0,1.0,-1.0,1,1,0,1,1,1,1,-1,1,-1,-1,1.0,0,1,-1
1,-1,1,-1,1,1.0,1.0,-1,-1,-1,1,1,1.0,1.0,1.0,-1.0,1,1,0,1,1,-1,1,-1,-1,1,-1,1.0,1,1,-1
1,-1,1,1,1,1.0,0.8613,1,-1,1,1,1,0.8762,1.0,1.0,-1.0,1,1,0,1,1,1,1,1,1,1,1,1.0,0,1,1
1,-1,1,1,1,1.0,1.0,1,1,1,1,1,1.0,1.0,1.0,-1.0,1,1,0,1,1,1,1,-1,1,1,-1,1.0,0,1,-1
1,-1,1,1,1,1.0,1.0,-1,-1,1,1,1,1.0,1.0,1.0,-1.0,1,1,0,1,1,1,1,-1,-1,-1,-1,1.0,1,1,-1
1,-1,1,1,1,1.0,1.0,-1,1,1,1,1,1.0,1.0,1.0,-1.0,1,1,0,1,1,1,1,1,-1,-1,-1,1.0,0,1,-1
1,-1,1,1,1,1.0,0.8793,1,1,1,1,1,0.9061,1.0,1.0,-1.0,1,1,0,1,1,1,1,1,1,0,-1,1.0,1,1,1
1,-1,1,1,1,1.0,1.0,0,-1,-1,-1,1,1.0,1.0,1.0,-1.0,-1,1,0,-1,-1,-1,-1,1,-1,1,-1,1.0,1,-1,-1
1,-1,1,1,1,0.8443,0.8558,1,-1,1,1,1,0.8014,1.0,1.0,-1.0,-1,1,0,1,1,1,1,1,-1,1,-1,1.0,0,1,1
1,-1,1,1,1,1.0,0.8997,1,-1,-1,-1,1,0.8878,1.0,0.8794,-1.0,-1,-1,0,-1,1,-1,1,1,1,1,1,1.0,0,-1,1
1,-1,1,1,1,1.0,1.0,0,1,1,1,1,1.0,1.0,1.0,-1.0,1,1,0,1,1,1,1,1,-1,-1,-1,1.0,1,1,-1
1,-1,1,1,1,1.0,1.0,-1,1,1,1,1,1.0,1.0,1.0,-1.0,1,1,0,1,1,1,1,1,-1,-1,-1,1.0,0,1,-1
1,-1,1,1,1,1.0,0.8909,1,-1,1,1,1,0.8989,1.0,1.0,-1.0,1,1,0,1,1,1,1,1,1,0,-1,1.0,-1,1,1
1,-1,1,1,1,1.0,0.8811,1,-1,1,1,1,0.8495,0.8263,1.0,-1.0,1,1,0,1,1,1,1,1,1,0,-1,1.0,0,1,1
1,-1,1,1,1,1.0,0.9227,1,-1,1,1,1,0.9182,1.0,1.0,-1.0,1,1,0,1,1,1,1,1,-1,1,-1,1.0,0,1,1
1,-1,1,1,1,1.0,0.8769,1,-1,1,1,-1,0.8716,1.0,0.8399,-1.0,1,1,0,1,1,1,1,1,1,0,-1,1.0,-1,1,1
1,-1,1,1,1,1.0,0.8853,1,-1,1,1,1,0.8532,0.8999,1.0,-1.0,1,1,0,1,1,1,1,1,-1,-1,-1,1.0,1,1,1
1,-1,1,1,1,1.0,1.0,1,1,1,1,1,1.0,1.0,1.0,-1.0,1,1,0,1,1,1,1,-1,1,1,-1,1.0,0,1,-1
1,-1,1,1,1,1.0,0.9094,1,-1,1,1,1,0.8659,1.0,1.0,-1.0,1,1,0,1,1,1,1,1,1,1,-1,1.0,0,1,1
-1,-1,-1,1,-1,0.837,0.8126,1,-1,1,1,-1,0.8661,1.0,1.0,-1.0,1,-1,1,1,1,1,1,1,-1,1,-1,1.0,1,-1,1
1,-1,1,-1,1,1.0,0.8652,1,-1,1,1,1,0.8297,1.0,0.8127,-1.0,1,1,0,1,1,1,1,1,1,1,1,1.0,0,1,1
1,-1,1,1,1,1.0,0.8161,1,-1,1,1,1,0.8212,0.8694,1.0,-1.0,1,1,0,1,1,1,1,1,1,0,-1,1.0,0,1,1
1,-1,1,1,1,1.0,0.9129,-1,-1,1,1,1,0.9058,1.0,1.0,-1.0,1,1,0,1,1,-1,1,1,1,0,-1,1.0,1,1,1
1,-1,1,1,1,1.0,0.9141,1,-1,1,1,1,0.8587,1.0,1.0,-1.0,1,1,0,1,1,1,1,1,1,1,-1,1.0,0,1,1
1,-1,1,1,1,1.0,1.0,-1,1,1,1,-1,1.0,1.0,1.0,-1.0,1,-1,0,1,1,1,1,-1,-1,0,-1,1.0,1,-1,-1
1,-1,1,1,1,1.0,1.0,0,-1,1,1,1,1.0,1.0,1.0,-1.0,1,1,0,1,1,1,1,1,-1,-1,-1,1.0,1,1,-1
1,-1,1,1,1,1.0,1.0,0,-1,1,1,1,1.0,1.0,1.0,-1.0,1,1,0,1,1,1,1,1,-1,-1,-1,1.0,1,1,-1
1,-1,1,1,1,1.0,0.8985,1,-1,1,1,1,0.8916,1.0,1.0,-1.0,1,1,0,1,1,1,1,1,-1,0,-1,1.0,0,1,1
1,-1,1,1,1,1.0,1.0,-1,1,-1,-1,1,1.0,1.0,1.0,-1.0,-1,-1,0,-1,1,-1,1,-1,-1,1,-1,1.0,-1,-1,-1
1,-1,1,1,1,1.0,1.0,-1,1,1,1,1,1.0,1.0,1.0,-1.0,1,1,0,1,1,1,1,-1,-1,-1,-1,1.0,1,1,-1
1,-1,1,1,1,1.0,1.0,-1,-1,1,1,1,1.0,1.0,1.0,-1.0,1,1,0,1,1,1,1,1,-1,-1,-1,1.0,0,1,-1
1,-1,1,1,1,1.0,1.0,0,1,1,1,1,1.0,1.0,1.0,-1.0,-1,1,0,1,1,1,1,1,1,-1,-1,1.0,1,1,-1
1,0,-1,1,1,1.0,0.9243,1,-1,1,1,1,0.8665,1.0,1.0,-1.0,1,1,0,-1,1,-1,1,-1,-1,0,-1,1.0,1,1,1
1,-1,1,1,1,1.0,1.0,1,1,1,1,1,1.0,1.0,1.0,-1.0,1,1,0,1,1,1,1,-1,-1,0,-1,1.0,0,1,-1
1,-1,1,1,1,1.0,0.8485,1,-1,1,1,1,0.8552,1.0,0.8664,-1.0,1,1,0,1,1,1,1,1,-1,1,1,1.0,1,1,1
1,-1,1,1,1,1.0,1.0,-1,1,1,1,1,1.0,1.0,1.0,-1.0,1,1,0,1,1,1,1,-1,-1,-1,-1,1.0,1,1,-1
1,-1,1,1,1,1.0,0.8704,1,-1,1,1,1,0.8275,1.0,0.8256,-1.0,1,1,0,1,1,1,1,1,-1,0,-1,1.0,1,1,1
1,-1,1,-1,1,1.0,0.8157,1,-1,1,1,1,0.881,1.0,0.8248,-1.0,1,1,0,1,1,1,1,1,1,1,1,1.0,0,1,1
1,-1,1,1,-1,1.0,0.8024,1,-1,1,1,1,0.8879,0.8047,1.0,-1.0,1,1,1,1,1,1,1,1,1,1,1,1.0,-1,1,1
1,-1,1,1,1,1.0,1.0,-1,1,1,1,1,1.0,1.0,1.0,-1.0,1,1,0,1,1,1,1,-1,-1,-1,-1,1.0,0,1,-1
1,-1,1,1,1,1.0,1.0,-1,-1,1,1,1,1.0,1.0,1.0,-1.0,1,1,0,1,1,1,1,1,1,-1,-1,1.0,0,1,-1
1,-1,1,1,1,1.0,1.0,-1,1,1,1,1,1.0,1.0,1.0,-1.0,1,1,0,1,1,1,1,-1,1,1,-1,1.0,0,1,-1
1,-1,1,1,1,1.0,1.0,-1,1,1,1,1,1.0,1.0,1.0,-1.0,1,1,0,1,1,1,1,-1,1,0,-1,1.0,0,1,-1
1,-1,1,1,1,1.0,0.817,1,-1,1,1,1,0.8335,0.8961,1.0,-1.0,1,1,0,1,1,1,1,1,1,1,-1,1.0,0,1,1
1,-1,1,1,1,1.0,1.0,-1,1,1,1,1,1.0,1.0,1.0,-1.0,1,1,0,1,1,1,1,-1,1,1,-1,1.0,0,1,-1
1,-1,1,1,1,1.0,0.8355,1,-1,1,1,-1,0.8199,1.0,0.8568,-1.0,1,1,0,1,1,1,1,1,1,1,-1,1.0,0,1,1
1,-1,1,1,1,1.0,0.8994,-1,-1,1,1,1,0.9228,1.0,1.0,-1.0,1,1,0,1,1,1,1,1,1,0,-1,1.0,0,1,1
1,-1,1,1,1,1.0,1.0,1,1,1,1,1,1.0,1.0,1.0,-1.0,1,1,0,1,1,1,1,-1,1,-1,-1,1.0,0,1,-1
-1,-1,-1,1,-1,1.0,0.8871,1,-1,1,1,-1,0.8713,1.0,1.0,-1.0,1,-1,0,1,1,1,1,1,-1,1,-1,1.0,-1,-1,1
1,-1,1,1,1,1.0,1.0,-1,1,1,1,1,1.0,1.0,1.0,-1.0,1,1,0,1,1,1,1,-1,-1,0,-1,1.0,0,1,-1
1,-1,1,1,1,1.0,0.9261,1,-1,1,1,1,0.8663,1.0,1.0,-1.0,1,1,0,1,1,1,1,1,1,0,-1,1.0,-1,1,1
1,-1,1,1,1,1.0,0.848,1,-1,1,1,1,0.8991,1.0,0.8675,-1.0,1,1,0,1,1,1,1,1,-1,0,-1,1.0,1,1,1
1,-1,1,1,1,1.0,0.8197,1,-1,1,1,1,0.8052,0.8233,1.0,-1.0,1,1,0,1,1,1,1,1,1,1,1,1.0,0,1,1
1,0,1,1,1,1.0,1.0,0,1,1,1,1,1.0,1.0,1.0,-1.0,-1,-1,0,1,1,1,1,1,-1,1,-1,1.0,1,-1,-1
1,-1,1,1,1,1.0,1.0,0,-1,1,1,1,1.0,1.0,1.0,-1.0,1,1,0,1,1,1,1,1,-1,-1,-1,1.0,1,1,-1
1,-1,1,1,1,1.0,1.0,0,1,1,1,1,1.0,1.0,1.0,-1.0,-1,1,0,1,1,1,1,1,-1,-1,-1,1.0,1,1,-1
1,-1,1,1,1,1.0,0.8633,1,-1,1,1,1,0.8908,1.0,1.0,-1.0,1,1,0,1,1,1,1,1,1,1,1,1.0,0,1,1
-1,0,-1,1,-1,1.0,0.8874,1,-1,1,1,-1,0.873,1.0,1.0,-1.0,-1,-1,0,1,1,1,1,1,1,1,-1,1.0,-1,-1,1
1,-1,1,1,1,1.0,0.8265,1,-1,-1,1,1,0.8076,1.0,0.8883,-1.0,1,1,0,1,1,-1,-1,1,-1,0,-1,1.0,1,1,1
1,-1,1,1,1,1.0,1.0,-1,1,1,1,-1,1.0,1.0,1.0,-1.0,1,-1,0,1,1,1,1,-1,-1,0,-1,1.0,1,-1,-1
1,-1,1,1,1,1.0,1.0,1,1,1,1,1,1.0,1.0,1.0,-1.0,1,1,0,1,1,1,1,-1,-1,-1,-1,1.0,0,1,-1
1,-1,1,1,1,1.0,1.0,1,-1,1,1,1,1.0,1.0,1.0,-1.0,1,1,0,1,1,1,1,-1,-1,0,-1,1.0,0,1,-1
1,-1,1,1,1,1.0,1.0,-1,-1,1,1,1,1.0,1.0,1.0,-1.0,1,1,0,1,1,1,1,-1,1,0,-1,1.0,0,1,-1
1,-1,1,-1,1,1.0,0.8981,1,-1,1,1,1,0.8784,1.0,0.8252,-1.0,1,1,0,1,1,1,1,1,1,1,1,1.0,0,1,1
1,-1,1,1,1,1.0,0.9292,1,-1,1,1,1,0.9072,1.0,1.0,-1.0,1,1,0,1,1,1,1,-1,1,0,-1,1.0,0,1,1
1,-1,1,1,1,1.0,1.0,-1,1,1,1,-1,1.0,1.0,1.0,-1.0,-1,-1,0,1,1,1,1,1,-1,0,-1,1.0,-1,-1,-1
1,-1,1,1,1,1.0,1.0,0,1,1,1,1,1.0,1.0,1.0,-1.0,1,1,0,1,1,1,1,1,-1,0,-1,1.0,1,1,-1
1,-1,1,1,1,1.0,0.8998,1,1,1,1,1,0.8896,1.0,1.0,-1.0,1,1,0,1,1,1,1,1,1,1,1,1.0,0,1,1
1,-1,1,1,1,1.0,1.0,0,-1,-1,-1,1,1.0,1.0,1.0,-1.0,-1,1,0,1,1,-1,1,1,-1,1,-1,1.0,1,1,-1
1,-1,1,1,1,1.0,0.8751,-1,-1,1,1,1,0.8218,1.0,0.8882,-1.0,1,1,0,1,1,1,1,1,1,-1,-1,1.0,1,1,1
1,-1,1,1,1,1.0,0.872,1,-1,1,1,1,0.8487,0.8362,1.0,-1.0,1,1,0,1,1,1,1,1,-1,1,-1,1.0,0,1,1
1,-1,1,1,1,1.0,1.0,-1,1,1,1,1,1.0,1.0,1.0,-1.0,1,1,0,1,1,1,1,-1,1,0,-1,1.0,0,1,-1
1,-1,1,1,1,1.0,1.0,-1,1,1,1,1,1.0,1.0,1.0,-1.0,1,1,0,1,1,1,1,-1,1,0,-1,1.0,0,1,-1
1,-1,1,1,1,1.0,1.0,0,1,-1,-1,1,1.0,1.0,1.0,-1.0,-1,1,0,-1,1,-1,1,1,-1,1,-1,1.0,1,-1,-1
1,-1,1,1,1,1.0,0.8819,1,-1,1,1,1,0.8877,1.0,0.8825,-1.0,1,1,0,1,1,1,1,1,1,1,-1,1.0,0,1,1
1,-1,1,1,1,1.0,1.0,-1,1,-1,-1,1,1.0,1.0,1.0,-1.0,-1,-1,0,-1,1,-1,1,-1,-1,1,-1,1.0,-1,-1,-1
1,-1,1,1,1,1.0,1.0,-1,-1,1,1,1,1.0,1.0,1.0,-1.0,1,1,0,1,1,1,1,-1,-1,-1,-1,1.0,0,1,-1
-1,-1,-1,1,-1,1.0,0.8726,1,-1,1,1,-1,0.8612,0.8527,1.0,-1.0,1,-1,1,1,1,1,1,1,-1,1,-1,1.0,1,1,1
1,-1,1,1,1,1.0,1.0,0,1,1,1,1,1.0,1.0,1.0,-1.0,1,1,0,1,1,1,1,1,-1,0,-1,1.0,1,1,-1
1,-1,1,1,1,0.8574,0.8265,1,-1,1,1,1,0.8176,1.0,1.0,-1.0,-1,1,0,1,1,1,1,1,-1,1,-1,1.0,0,1,1
1,-1,1,1,1,1.0,0.8889,1,-1,1,1,1,0.8117,0.8721,1.0,-1.0,1,1,0,1,1,1,1,1,1,1,1,1.0,0,1,1
1,-1,1,1,1,1.0,0.9052,1,1,1,1,1,0.8781,1.0,1.0,-1.0,1,1,0,1,1,1,1,1,1,1,1,1.0,0,1,1
1,-1,1,-1,1,1.0,0.8059,1,-1,1,1,1,0.8491,1.0,0.8456,-1.0,1,1,0,1,1,1,1,1,1,1,1,1.0,0,1,1
1,-1,1,1,1,1.0,1.0,0,-1,-1,-1,1,1.0,1.0,1.0,-1.0,-1,1,0,1,1,-1,1,1,-1,1,-1,1.0,1,1,-1
1,-1,1,1,1,1.0,1.0,-1,-1,1,1,1,1.0,1.0,1.0,-1.0,1,1,0,1,1,-1,1,-1,-1,0,-1,1.0,1,1,-1
1,-1,1,1,1,1.0,1.0,0,-1,-1,-1,1,1.0,1.0,1.0,-1.0,-1,-1,0,-1,1,-1,1,1,-1,0,-1,1.0,0,-1,-1
1,-1,1,1,1,1.0,1.0,0,-1,1,1,1,1.0,1.0,1.0,-1.0,1,1,0,1,1,1,1,1,-1,-1,-1,1.0,1,1,-1
1,-1,1,1,1,1.0,1.0,-1,1,1,1,1,1.0,1.0,1.0,-1.0,1,1,0,1,1,1,1,-1,1,0,-1,1.0,0,1,-1
1,-1,1,1,1,1.0,0.8775,1,-1,-1,1,1,0.9233,1.0,1.0,-1.0,1,1,0,1,1,-1,1,1,1,0,-1,1.0,0,1,1
1,-1,1,1,1,1.0,0.8897,1,-1,1,1,1,0.926,1.0,1.0,-1.0,1,1,0,1,1,1,1,1,1,1,-1,1.0,0,1,1
1,-1,1,1,1,1.0,1.0,-1,-1,1,1,1,1.0,1.0,1.0,-1.0,1,1,0,1,1,1,1,-1,-1,0,-1,1.0,0,1,-1
1,-1,1,1,1,1.0,1.0,-1,1,1,1,1,1.0,1.0,1.0,-1.0,1,1,0,1,1,1,1,-1,1,-1,-1,1.0,0,1,-1
1,-1,1,1,1,1.0,0.8502,1,-1,1,1,1,0.8424,1.0,0.8539,-1.0,1,1,0,1,1,1,1,1,-1,-1,1,1.0,1,1,1
1,-1,1,1,1,1.0,1.0,-1,1,1,1,1,1.0,1.0,1.0,-1.0,1,1,0,1,1,1,1,-1,-1,1,-1,1.0,0,1,-1
1,-1,1,1,1,1.0,0.8624,1,-1,1,1,1,0.8935,1.0,1.0,-1.0,1,1,0,1,1,1,1,1,1,0,-1,1.0,0,1,1
1,-1,1,1,1,1.0,1.0,1,-1,1,1,1,1.0,1.0,1.0,-1.0,1,1,0,1,1,1,1,-1,1,0,-1,1.0,0,1,-1
1,-1,1,1,1,1.0,0.8626,-1,1,1,1,1,0.8799,1.0,1.0,-1.0,1,1,0,1,1,1,1,1,-1,-1,1,1.0,1,1,1
1,-1,1,1,1,1.0,1.0,-1,-1,1,1,1,1.0,1.0,1.0,-1.0,1,1,0,1,1,1,1,-1,1,-1,-1,1.0,0,1,-1
1,-1,1,1,1,1.0,0.8669,1,-1,-1,1,1,0.8459,0.8009,1.0,-1.0,1,1,0,1,1,-1,1,1,-1,1,-1,1.0,1,1,1
1,-1,1,1,1,1.0,1.0,-1,1,1,1,1,1.0,1.0,1.0,-1.0,1,1,0,1,1,1,1,-1,1,0,-1,1.0,0,1,-1
1,-1,1,1,1,1.0,0.8602,-1,1,1,1,1,0.9122,1.0,1.0,-1.0,1,1,0,1,1,1,1,1,-1,-1,1,1.0,1,1,1
1,-1,1,1,1,1.0,0.8108,1,-1,-1,-1,1,0.8765,0.8398,1.0,-1.0,-1,1,0,1,1,-1,-1,1,-1,1,-1,1.0,1,1,1
1,-1,1,1,1,1.0,1.0,-1,1,1,1,1,1.0,1.0,1.0,-1.0,1,1,0,1,1,1,1,-1,-1,0,-1,1.0,0,1,-1
1,-1,1,1,1,1.0,1.0,-1,-1,1,1,1,1.0,1.0,1.0,-1.0,1,1,0,1,1,1,1,-1,-1,-1,-1,1.0,0,1,-1
1,-1,1,1,1,1.0,1.0,0,-1,1,1,1,0.927,1.0,1.0,-1.0,1,1,0,1,1,1,1,1,1,-1,-1,1.0,0,1,-1
1,-1,1,1,1,1.0,0.8528,1,-1,1,1,1,0.8615,0.8926,1.0,-1.0,1,1,0,1,1,1,1,1,-1,-1,-1,1.0,1,1,1
1,-1,1,1,1,1.0,0.8726,1,-1,1,1,1,0.8719,1.0,1.0,-1.0,1,1,0,1,1,1,1,-1,1,0,-1,1.0,0,1,1
1,-1,1,1,1,1.0,1.0,1,1,1,1,1,1.0,1.0,1.0,-1.0,1,1,0,1,1,1,1,-1,1,-1,-1,1.0,0,1,-1
1,-1,1,1,1,1.0,1.0,-1,1,1,1,1,1.0,1.0,1.0,-1.0,1,1,0,1,1,1,1,-1,1,0,-1,1.0,0,1,-1
1,-1,1,1,1,1.0,0.8209,1,-1,1,1,1,0.8001,0.8253,1.0,-1.0,1,1,0,1,1,1,1,1,-1,1,1,1.0,0,1,1
1,-1,1,1,1,1.0,1.0,-1,1,1,1,1,1.0,1.0,1.0,-1.0,1,1,0,1,1,1,1,1,-1,0,-1,1.0,1,1,-1
1,1,1,1,1,1.0,0.8094,1,-1,1,1,1,0.8222,1.0,0.8801,-1.0,1,-1,0,1,1,1,1,1,1,1,1,1.0,0,1,1
1,1,-1,1,1,1.0,0.8274,1,-1,1,1,1,0.8995,1.0,0.8468,-1.0,1,1,0,1,1,1,1,1,1,-1,-1,1.0,1,-1,1
1,1,1,-1,1,1.0,1.0,1,1,-1,-1,1,1.0,1.0,1.0,-1.0,1,1,0,-1,-1,-1,-1,1,-1,0,-1,1.0,0,-1,-1
1,1,1,1,1,1.0,0.8985,1,-1,1,1,1,0.8614,1.0,1.0,-1.0,1,-1,0,1,1,1,1,-1,1,0,-1,1.0,0,-1,1
1,-1,1,-1,1,1.0,1.0,-1,1,1,1,1,1.0,1.0,1.0,-1.0,1,-1,0,1,1,1,1,-1,1,0,1,1.0,0,1,-1
1,-1,1,1,1,1.0,0.8556,1,-1,1,1,1,0.8499,0.8986,1.0,-1.0,1,1,0,1,1,1,1,1,1,0,-1,1.0,0,1,1
1,-1,1,-1,1,1.0,1.0,-1,1,1,1,1,1.0,1.0,1.0,-1.0,1,1,0,1,1,1,1,1,1,-1,1,1.0,1,1,-1
1,-1,1,1,1,1.0,0.8395,1,-1,1,1,1,0.8865,0.8943,1.0,-1.0,1,1,0,1,1,1,1,1,1,1,-1,1.0,0,1,1
1,-1,1,1,-1,1.0,1.0,-1,1,1,1,1,1.0,1.0,1.0,-1.0,1,1,0,1,1,1,1,-1,-1,-1,1,1.0,-1,1,-1
1,-1,1,1,1,1.0,1.0,0,-1,1,1,1,1.0,1.0,1.0,-1.0,1,1,0,1,1,1,1,1,-1,-1,-1,1.0,1,1,-1
1,1,1,1,1,1.0,0.8612,0,-1,1,1,1,0.8851,1.0,1.0,-1.0,1,1,0,1,1,1,1,1,1,1,-1,1.0,-1,-1,1
1,-1,1,-1,1,1.0,1.0,-1,1,1,1,1,1.0,1.0,1.0,-1.0,1,1,0,1,1,1,1,-1,-1,0,-1,1.0,0,1,-1
1,-1,1,-1,1,1.0,1.0,0,1,1,1,1,1.0,1.0,1.0,-1.0,1,1,0,1,1,1,1,1,1,-1,-1,1.0,0,1,-1
1,-1,1,1,1,1.0,0.8685,1,-1,1,1,1,0.9224,1.0,1.0,-1.0,1,1,0,1,1,1,1,1,1,1,1,1.0,0,1,1
1,0,1,1,1,1.0,1.0,0,1,1,1,1,1.0,1.0,1.0,-1.0,-1,-1,0,1,1,1,1,1,-1,1,-1,1.0,1,-1,-1
1,-1,1,1,1,1.0,1.0,-1,1,1,1,1,1.0,1.0,1.0,-1.0,1,1,0,1,1,1,1,-1,-1,0,-1,1.0,1,-1,-1
-1,-1,-1,1,-1,0.8225,0.8314,1,1,1,1,-1,0.8086,1.0,1.0,-1.0,1,1,0,1,1,1,1,1,1,1,-1,1.0,1,1,1
1,-1,1,1,1,1.0,0.8857,1,-1,1,1,1,0.8969,1.0,1.0,-1.0,1,1,0,1,1,1,1,1,1,1,-1,1.0,0,1,1
1,-1,1,1,1,1.0,1.0,0,1,1,1,1,1.0,1.0,1.0,-1.0,1,1,0,1,1,1,1,1,-1,-1,-1,1.0,1,1,-1
1,-1,1,1,1,1.0,0.8068,1,-1,1,1,1,0.8128,0.8667,1.0,-1.0,1,1,0,1,1,1,1,1,1,0,-1,1.0,0,1,1
1,-1,1,1,1,1.0,0.8963,-1,-1,1,1,1,0.8906,1.0,0.8936,-1.0,1,1,0,1,1,1,1,1,-1,-1,-1,1.0,1,1,1
1,-1,1,1,1,1.0,1.0,-1,1,1,1,1,1.0,1.0,1.0,-1.0,1,1,0,1,1,1,1,-1,-1,0,-1,1.0,1,1,-1
1,-1,1,1,1,1.0,0.807,1,-1,1,1,-1,0.8796,1.0,0.8802,-1.0,1,1,0,1,1,1,1,1,1,0,-1,1.0,-1,1,1
-1,-1,-1,1,1,1.0,1.0,-1,1,1,1,1,1.0,1.0,1.0,-1.0,1,1,0,1,1,1,1,-1,1,0,1,1.0,1,-1,-1
-1,1,-1,1,-1,1.0,1.0,1,1,1,1,-1,1.0,1.0,1.0,-1.0,-1,1,0,1,1,1,1,-1,1,-1,1,1.0,0,1,-1
-1,0,1,-1,1,1.0,1.0,1,1,1,-1,1,1.0,1.0,1.0,-1.0,-1,1,0,1,-1,1,-1,-1,1,0,1,1.0,0,1,-1
-1,-1,-1,1,-1,1.0,0.822,1,-1,1,1,-1,0.8276,1.0,0.8088,-1.0,1,-1,0,1,1,1,1,-1,1,1,-1,1.0,1,1,1
1,-1,1,1,1,1.0,0.9201,1,-1,-1,-1,1,0.8795,1.0,1.0,-1.0,-1,1,0,1,1,-1,1,-1,1,1,-1,1.0,0,1,1
1,-1,-1,1,1,1.0,0.8273,1,-1,1,1,1,0.8505,0.8108,1.0,-1.0,1,1,1,1,1,1,1,-1,1,1,1,1.0,0,1,1
1,-1,1,1,1,1.0,0.8295,1,-1,1,1,1,0.805,0.8826,1.0,-1.0,1,1,0,1,1,1,1,-1,1,1,1,1.0,0,1,1
-1,-1,-1,1,-1,0.7857,0.8428,1,-1,1,1,-1,0.8637,1.0,1.0,-1.0,1,1,0,1,1,1,1,-1,-1,1,1,1.0,1,1,1
-1,-1,1,1,1,1.0,1.0,-1,-1,1,1,1,1.0,1.0,1.0,-1.0,-1,1,1,1,1,1,1,-1,1,0,1,1.0,1,1,-1
1,1,1,1,1,1.0,0.8484,1,-1,1,1,1,0.8051,1.0,0.8955,-1.0,1,-1,0,1,1,1,1,1,1,1,-1,1.0,0,1,1
1,-1,1,-1,1,1.0,0.9269,1,-1,-1,-1,1,0.8747,1.0,1.0,-1.0,1,1,1,1,1,-1,1,-1,1,0,1,1.0,0,1,1
-1,1,1,1,1,1.0,1.0,-1,-1,1,-1,1,1.0,1.0,1.0,-1.0,1,-1,0,1,1,-1,1,-1,1,-1,1,1.0,0,1,-1
-1,1,1,1,1,1.0,1.0,-1,-1,1,1,1,1.0,1.0,1.0,-1.0,1,1,0,1,1,1,1,1,1,-1,1,1.0,0,1,-1
-1,1,1,1,1,1.0,0.9239,1,-1,1,1,1,0.9051,1.0,1.0,-1.0,1,1,0,1,1,1,1,1,1,1,-1,1.0,0,1,1
1,-1,1,1,1,1.0,0.8255,1,-1,1,1,1,0.8593,0.8454,1.0,-1.0,1,1,0,1,1,1,1,-1,1,1,1,1.0,0,1,1
1,-1,1,1,1,1.0,1.0,-1,1,1,1,1,1.0,1.0,1.0,-1.0,1,1,1,1,1,1,1,-1,1,-1,1,1.0,0,1,-1
-1,-1,1,-1,1,1.0,1.0,-1,-1,1,1,1,1.0,1.0,1.0,-1.0,1,1,1,1,1,1,1,-1,1,1,1,1.0,0,-1,-1
-1,-1,1,1,1,1.0,1.0,-1,1,1,1,1,1.0,1.0,1.0,-1.0,1,1,1,1,1,1,1,-1,1,0,1,1.0,0,1,-1
1,-1,1,1,1,1.0,0.8144,1,-1,1,1,1,0.8229,0.8216,1.0,-1.0,1,1,0,1,1,1,1,-1,1,1,1,1.0,0,1,1
1,1,1,-1,1,1.0,0.9015,1,-1,1,1,1,0.8746,1.0,1.0,-1.0,-1,-1,0,-1,-1,-1,-1,-1,1,0,-1,1.0,0,1,1
-1,-1,1,-1,1,1.0,1.0,-1,1,-1,-1,-1,1.0,1.0,1.0,-1.0,-1,1,0,-1,-1,-1,-1,-1,1,1,-1,1.0,1,-1,-1
-1,-1,1,-1,1,1.0,1.0,-1,-1,-1,-1,-1,1.0,1.0,1.0,-1.0,-1,1,0,-1,1,-1,-1,-1,1,-1,1,1.0,0,1,-1
1,-1,1,1,1,1.0,0.8469,1,-1,1,1,1,0.8415,0.8115,1.0,-1.0,1,1,0,1,1,1,1,-1,1,1,1,1.0,0,1,1
1,-1,1,1,1,1.0,1.0,-1,1,1,1,1,1.0,1.0,1.0,-1.0,1,1,1,-1,1,1,1,-1,1,-1,1,1.0,0,-1,-1
-1,-1,1,1,1,1.0,1.0,-1,1,1,1,1,1.0,1.0,1.0,-1.0,1,1,0,1,1,1,1,-1,1,-1,1,1.0,1,1,-1
-1,-1,1,1,1,1.0,0.8877,1,-1,1,1,1,0.8881,0.8436,1.0,-1.0,1,-1,0,1,1,1,1,-1,1,-1,-1,1.0,1,1,1
1,-1,1,-1,1,1.0,0.9265,1,-1,1,1,1,0.9239,1.0,1.0,-1.0,1,-1,0,1,1,1,1,-1,1,1,1,1.0,0,1,1
-1,-1,1,1,1,1.0,1.0,-1,-1,-1,1,1,1.0,1.0,1.0,-1.0,1,1,1,1,1,-1,1,-1,1,0,1,1.0,1,1,-1
1,-1,1,1,1,1.0,0.8545,1,-1,1,1,1,0.8316,0.8845,1.0,-1.0,1,1,0,1,1,1,1,-1,1,1,1,1.0,0,1,1
1,1,1,1,1,1.0,1.0,-1,-1,1,1,1,1.0,1.0,1.0,-1.0,1,1,0,1,1,1,1,1,1,-1,1,1.0,0,-1,-1
-1,-1,1,1,1,1.0,1.0,0,-1,1,1,1,1.0,1.0,1.0,-1.0,1,-1,1,1,1,1,1,-1,1,-1,1,1.0,0,-1,-1
1,1,1,1,-1,1.0,0.8115,1,-1,-1,1,-1,0.8881,1.0,0.8184,-1.0,1,1,0,-1,1,-1,1,1,1,1,-1,1.0,0,1,1
-1,-1,1,-1,1,1.0,1.0,-1,1,-1,1,1,1.0,1.0,1.0,-1.0,1,-1,0,1,1,-1,1,-1,1,-1,1,1.0,1,-1,-1
-1,-1,1,1,1,1.0,1.0,-1,1,1,1,1,1.0,1.0,1.0,-1.0,1,1,1,1,1,1,1,-1,1,0,1,1.0,1,1,-1
-1,-1,1,1,1,1.0,1.0,1,-1,-1,-1,1,0.8926,1.0,1.0,-1.0,-1,1,0,1,1,-1,1,-1,1,0,1,1.0,1,-1,-1
1,-1,1,1,1,1.0,0.9258,1,-1,1,1,1,0.9256,1.0,1.0,-1.0,1,1,0,1,1,1,1,-1,1,1,1,1.0,0,1,1
1,-1,1,-1,1,1.0,0.8565,1,-1,1,1,1,0.8274,0.8836,1.0,-1.0,1,1,0,1,1,1,1,-1,1,1,1,1.0,0,1,1
-1,-1,1,1,1,1.0,1.0,-1,1,1,1,1,1.0,1.0,1.0,-1.0,1,1,1,1,1,1,1,-1,1,0,1,1.0,0,1,-1
-1,1,1,1,1,1.0,1.0,-1,1,1,1,1,1.0,1.0,1.0,-1.0,1,1,1,1,1,1,1,1,1,-1,1,1.0,0,1,-1
1,-1,1,1,1,1.0,1.0,-1,-1,1,1,-1,1.0,1.0,1.0,-1.0,1,1,0,1,1,1,1,-1,1,0,-1,1.0,0,-1,-1
-1,-1,1,1,1,1.0,1.0,-1,1,1,1,1,1.0,1.0,1.0,-1.0,1,1,1,1,1,1,1,-1,1,-1,-1,1.0,1,1,-1
-1,-1,-1,-1,1,1.0,1.0,0,-1,1,1,-1,1.0,1.0,1.0,-1.0,-1,-1,0,1,1,1,1,-1,-1,-1,1,1.0,0,1,-1
1,1,1,1,1,1.0,0.8741,1,-1,1,1,1,0.8258,1.0,0.8075,-1.0,1,1,0,1,1,1,1,1,1,1,1,1.0,0,1,1
-1,-1,1,1,1,1.0,1.0,0,-1,1,1,1,1.0,1.0,1.0,-1.0,1,1,0,1,1,1,1,-1,1,-1,-1,1.0,1,-1,-1
-1,-1,1,1,1,1.0,1.0,0,-1,1,1,1,1.0,1.0,1.0,-1.0,1,1,0,1,1,1,1,-1,1,-1,1,1.0,0,1,-1
1,1,1,-1,1,1.0,0.893,0,-1,1,1,1,0.8823,1.0,1.0,-1.0,1,1,0,1,1,1,1,-1,1,1,1,1.0,-1,1,1
1,-1,1,-1,1,1.0,0.8161,1,-1,1,1,1,0.8094,1.0,0.898,-1.0,-1,-1,1,1,1,1,1,-1,1,1,1,1.0,-1,1,1
1,1,1,1,1,1.0,0.8588,1,-1,-1,1,-1,0.8971,1.0,1.0,-1.0,1,1,0,-1,1,-1,1,1,1,1,1,1.0,-1,1,1
-1,-1,1,1,1,1.0,0.8621,1,-1,1,1,1,0.8965,1.0,1.0,-1.0,1,1,0,1,1,1,1,-1,1,1,-1,1.0,1,1,1
1,-1,1,1,1,1.0,0.8642,1,-1,1,1,1,0.8721,1.0,1.0,-1.0,1,1,0,1,1,1,1,-1,1,1,1,1.0,0,1,1
-1,-1,1,-1,1,1.0,1.0,-1,1,1,1,1,1.0,1.0,1.0,-1.0,1,1,1,1,1,1,1,-1,1,-1,1,1.0,0,-1,-1
1,-1,1,1,1,1.0,1.0,-1,-1,1,1,1,1.0,1.0,1.0,-1.0,1,1,1,1,1,1,1,-1,1,1,-1,1.0,0,-1,-1
-1,-1,1,1,1,1.0,1.0,-1,1,1,1,1,1.0,1.0,1.0,-1.0,1,1,1,1,1,1,1,-1,1,0,1,1.0,0,1,-1
-1,-1,1,1,1,1.0,0.863,1,-1,1,1,1,0.9163,1.0,1.0,-1.0,1,1,1,1,1,1,1,-1,1,1,-1,1.0,1,1,1
1,-1,1,-1,1,1.0,0.8722,-1,-1,1,1,1,0.9258,1.0,1.0,-1.0,1,1,0,1,1,1,1,-1,1,0,1,1.0,0,1,1
1,-1,1,1,1,1.0,0.919,1,-1,1,1,1,0.9107,1.0,1.0,-1.0,1,1,0,1,1,1,1,-1,1,1,1,1.0,0,1,1
1,1,-1,-1,-1,0.8613,0.8483,1,-1,1,1,-1,0.817,1.0,1.0,-1.0,-1,-1,0,1,1,1,1,1,-1,1,-1,1.0,1,1,1
-1,-1,1,1,1,1.0,1.0,0,1,1,1,1,1.0,1.0,1.0,-1.0,1,1,0,1,1,1,1,-1,1,0,-1,1.0,0,1,-1
-1,-1,1,1,1,1.0,1.0,0,1,1,1,1,1.0,1.0,1.0,-1.0,1,1,0,1,1,1,1,-1,1,-1,-1,1.0,1,1,-1
-1,-1,1,-1,1,1.0,1.0,-1,1,1,1,1,1.0,1.0,1.0,-1.0,1,1,0,1,1,1,1,-1,1,0,-1,1.0,0,1,-1
-1,-1,1,1,1,1.0,1.0,-1,-1,1,1,1,1.0,1.0,1.0,-1.0,1,1,0,1,1,1,1,-1,1,-1,1,1.0,1,1,-1
1,-1,1,-1,1,1.0,0.8773,1,-1,1,1,1,0.8203,1.0,0.8709,-1.0,-1,-1,0,1,1,1,1,-1,1,1,1,1.0,-1,1,1
1,-1,1,1,1,1.0,0.8945,1,-1,1,1,1,0.9178,1.0,1.0,-1.0,1,1,0,1,1,1,1,-1,1,1,-1,1.0,0,1,1
-1,-1,1,1,1,1.0,1.0,-1,1,1,1,1,1.0,1.0,1.0,-1.0,1,1,0,1,1,1,1,-1,1,0,1,1.0,1,1,-1
-1,1,1,-1,1,1.0,0.8777,1,-1,1,1,1,0.8698,1.0,1.0,-1.0,-1,-1,0,-1,-1,-1,-1,-1,1,0,-1,1.0,0,1,1
-1,-1,1,1,1,1.0,1.0,-1,1,1,1,1,1.0,1.0,1.0,-1.0,1,1,0,1,1,1,1,-1,1,-1,1,1.0,1,1,-1
-1,-1,1,-1,1,1.0,1.0,-1,1,1,1,1,1.0,1.0,1.0,-1.0,1,1,0,1,1,1,1,-1,1,-1,-1,1.0,0,-1,-1
1,-1,1,1,1,1.0,0.8707,1,-1,1,1,1,0.8664,1.0,1.0,-1.0,1,1,0,1,1,1,1,-1,1,0,1,1.0,0,1,1
1,-1,1,1,1,1.0,0.8085,1,-1,-1,-1,1,0.8848,0.8347,1.0,-1.0,-1,1,0,1,1,-1,-1,-1,1,1,1,1.0,1,1,1
1,-1,1,1,1,1.0,1.0,0,1,1,1,1,1.0,1.0,1.0,-1.0,1,1,0,1,1,1,1,-1,1,-1,-1,1.0,0,1,-1
1,-1,1,1,1,1.0,0.8318,1,1,1,1,1,0.8839,0.8977,1.0,-1.0,1,1,0,1,1,1,1,-1,1,1,-1,1.0,0,1,1
-1,-1,1,1,1,1.0,1.0,0,-1,1,1,1,0.9015,1.0,1.0,-1.0,1,1,0,1,1,1,1,-1,1,-1,-1,1.0,1,-1,-1
1,-1,1,1,1,0.8164,0.818,1,-1,1,1,1,0.8868,1.0,1.0,-1.0,1,1,0,1,1,1,1,-1,1,1,-1,1.0,0,1,1
-1,-1,1,1,1,1.0,1.0,0,-1,1,1,1,1.0,1.0,1.0,-1.0,1,1,0,1,1,1,1,-1,1,-1,-1,1.0,1,1,-1
-1,-1,1,1,1,1.0,1.0,0,-1,1,1,1,1.0,1.0,1.0,-1.0,1,1,1,1,1,1,1,-1,1,0,1,1.0,0,1,-1
-1,-1,1,-1,1,1.0,1.0,-1,1,-1,-1,-1,1.0,1.0,1.0,-1.0,-1,-1,0,-1,1,-1,1,-1,1,0,-1,1.0,0,-1,-1
-1,-1,1,1,1,1.0,1.0,1,1,1,1,1,1.0,1.0,1.0,-1.0,1,1,0,1,1,1,1,-1,1,1,1,1.0,0,1,-1
1,-1,1,1,1,1.0,1.0,0,-1,1,1,1,1.0,1.0,1.0,-1.0,1,1,0,1,1,1,1,-1,1,0,1,1.0,0,1,-1
-1,-1,1,1,1,1.0,1.0,-1,1,1,1,1,1.0,1.0,1.0,-1.0,1,1,1,1,1,1,1,-1,1,0,-1,1.0,0,1,-1
1,-1,1,1,1,1.0,1.0,-1,1,1,1,1,1.0,1.0,1.0,-1.0,1,1,1,1,1,1,1,-1,1,0,1,1.0,0,1,-1
1,-1,1,1,1,1.0,1.0,-1,1,1,1,1,1.0,1.0,1.0,-1.0,1,1,0,1,1,1,1,-1,1,-1,-1,1.0,0,1,-1
1,-1,1,1,1,1.0,0.8764,1,-1,1,1,1,0.8693,0.8625,1.0,-1.0,1,1,0,1,1,1,1,-1,1,1,-1,1.0,1,1,1
-1,1,-1,1,1,1.0,1.0,-1,1,1,1,1,1.0,1.0,1.0,-1.0,1,1,1,1,1,1,1,-1,1,0,-1,1.0,1,1,-1
-1,0,1,-1,1,1.0,1.0,0,1,1,1,1,1.0,1.0,1.0,-1.0,-1,-1,0,1,1,1,1,-1,1,1,1,1.0,1,-1,-1
-1,-1,1,-1,1,1.0,1.0,-1,1,1,1,1,1.0,1.0,1.0,-1.0,1,1,0,1,1,1,1,-1,1,0,1,1.0,1,1,-1
-1,-1,1,-1,1,1.0,1.0,-1,-1,1,1,1,1.0,1.0,1.0,-1.0,1,1,1,1,1,1,1,-1,1,-1,1,1.0,0,1,-1
1,-1,-1,1,-1,0.8901,0.8537,1,1,1,1,-1,0.8592,1.0,1.0,-1.0,1,1,0,1,1,1,1,-1,-1,1,1,1.0,1,1,1
-1,-1,1,1,1,1.0,0.8983,1,-1,-1,-1,1,0.9144,1.0,1.0,-1.0,-1,1,0,1,1,-1,1,-1,1,1,-1,1.0,0,1,1
-1,-1,1,1,1,1.0,1.0,0,1,1,1,1,1.0,1.0,1.0,-1.0,1,1,0,1,1,1,1,-1,1,-1,1,1.0,1,1,-1
1,-1,1,1,1,1.0,1.0,0,1,-1,1,-1,1.0,1.0,1.0,-1.0,1,1,0,-1,1,-1,1,-1,1,-1,-1,1.0,1,-1,-1
1,-1,1,1,1,1.0,0.8362,1,-1,1,1,1,0.8341,0.8059,1.0,-1.0,1,1,0,1,1,1,1,-1,1,0,1,1.0,0,1,1
-1,-1,1,1,1,1.0,0.8709,-1,-1,1,1,1,0.8766,1.0,0.8935,-1.0,1,1,0,1,1,1,1,-1,1,-1,1,1.0,1,1,1
-1,-1,1,1,1,1.0,1.0,-1,1,1,1,1,1.0,1.0,1.0,-1.0,1,1,0,1,1,1,1,-1,1,0,1,1.0,1,1,-1
1,-1,1,1,1,1.0,0.8612,1,-1,-1,1,1,0.9264,1.0,1.0,-1.0,1,1,1,1,1,-1,1,-1,1,0,-1,1.0,0,1,1
1,-1,1,1,1,1.0,0.8875,1,-1,1,1,-1,0.8979,1.0,0.8023,-1.0,1,1,0,1,1,1,1,-1,1,0,1,1.0,-1,1,1
-1,-1,1,1,1,1.0,1.0,-1,1,1,1,1,1.0,1.0,1.0,-1.0,1,1,0,1,1,1,1,-1,1,-1,-1,1.0,0,1,-1
-1,-1,1,1,1,1.0,0.813,1,-1,-1,1,1,0.817,1.0,0.8265,-1.0,1,1,0,1,1,-1,-1,-1,1,0,1,1.0,1,1,1
-1,-1,1,-1,1,1.0,1.0,-1,1,-1,-1,1,1.0,1.0,1.0,-1.0,-1,1,0,-1,-1,-1,-1,-1,1,0,1,1.0,0,1,-1
1,-1,1,1,1,1.0,0.8621,1,-1,1,1,1,0.8345,1.0,0.8006,-1.0,1,1,0,1,1,1,1,-1,1,1,-1,1.0,0,1,1
-1,-1,1,1,1,1.0,1.0,0,1,1,1,1,1.0,1.0,1.0,-1.0,1,1,1,1,1,1,1,-1,1,-1,-1,1.0,0,1,-1
-1,1,1,1,1,1.0,0.9044,1,1,1,1,1,0.9084,1.0,1.0,-1.0,1,1,0,1,1,1,1,1,1,0,-1,1.0,1,1,1
1,-1,1,1,1,1.0,0.8292,1,-1,1,1,1,0.8798,0.817,1.0,-1.0,1,1,0,1,1,1,1,-1,1,1,1,1.0,0,1,1
-1,-1,-1,-1,-1,1.0,0.9284,1,-1,1,1,-1,0.8802,1.0,1.0,-1.0,1,-1,0,1,1,1,1,-1,-1,1,1,1.0,-1,1,1
-1,-1,1,1,1,1.0,0.8679,-1,-1,1,1,1,0.8796,1.0,1.0,-1.0,1,1,0,1,1,-1,1,-1,1,0,1,1.0,1,1,1
-1,-1,1,1,1,1.0,0.9165,1,-1,1,1,1,0.8697,1.0,1.0,-1.0,-1,1,0,1,1,1,1,-1,1,1,-1,1.0,-1,1,1
-1,1,1,1,1,1.0,0.907,1,1,1,1,1,0.8716,1.0,1.0,-1.0,1,1,0,1,1,1,1,1,1,0,-1,1.0,1,1,1
1,1,1,1,1,1.0,0.8676,0,-1,1,1,1,0.9162,1.0,1.0,-1.0,1,1,0,1,1,1,1,-1,1,1,1,1.0,-1,1,1
1,-1,1,1,1,1.0,0.9011,1,-1,1,1,1,0.8828,1.0,1.0,-1.0,-1,1,0,1,1,1,1,-1,1,1,-1,1.0,-1,1,1
-1,-1,1,1,1,1.0,1.0,-1,-1,1,1,1,1.0,1.0,1.0,-1.0,1,1,0,1,1,1,1,-1,1,-1,1,1.0,1,1,-1
-1,-1,1,1,1,1.0,1.0,-1,-1,1,1,1,1.0,1.0,1.0,-1.0,1,1,0,1,1,1,1,-1,1,-1,1,1.0,0,-1,-1
1,-1,1,1,1,1.0,0.9082,1,-1,1,1,1,0.8853,1.0,1.0,-1.0,1,1,0,1,1,1,1,-1,1,0,1,1.0,0,1,1
-1,1,-1,1,1,1.0,1.0,-1,1,1,1,1,1.0,1.0,1.0,-1.0,1,1,0,1,1,1,1,-1,1,0,1,1.0,1,1,-1
-1,0,1,1,1,1.0,1.0,1,-1,-1,1,-1,1.0,1.0,1.0,-1.0,1,1,0,-1,1,-1,-1,-1,1,0,1,1.0,0,-1,-1
-1,-1,1,1,1,1.0,1.0,1,1,1,1,1,1.0,1.0,1.0,-1.0,1,1,0,1,1,1,1,-1,1,-1,1,1.0,1,1,-1
1,-1,1,-1,1,1.0,1.0,-1,1,1,1,1,1.0,1.0,1.0,-1.0,1,1,0,1,1,1,1,-1,1,-1,1,1.0,0,-1,-1
1,-1,1,-1,1,1.0,1.0,-1,1,1,1,1,1.0,1.0,1.0,-1.0,1,1,1,1,1,1,1,-1,1,-1,1,1.0,0,1,-1
-1,-1,1,-1,1,1.0,1.0,0,1,-1,-1,1,1.0,1.0,1.0,-1.0,-1,1,0,-1,1,-1,1,-1,1,1,1,1.0,1,1,-1
1,-1,1,1,1,1.0,1.0,0,1,1,1,1,1.0,1.0,1.0,-1.0,1,1,0,1,1,1,1,-1,1,1,-1,1.0,1,1,-1
-1,-1,1,1,1,1.0,1.0,-1,1,1,1,1,1.0,1.0,1.0,-1.0,1,1,0,1,1,1,1,-1,1,-1,1,1.0,0,1,-1
1,-1,1,-1,1,1.0,1.0,-1,-1,-1,-1,1,1.0,1.0,1.0,-1.0,-1,1,0,-1,-1,-1,-1,-1,1,0,1,1.0,0,1,-1
1,-1,1,1,1,1.0,1.0,-1,-1,1,1,1,1.0,1.0,1.0,-1.0,1,1,0,1,1,1,1,-1,1,-1,1,1.0,0,-1,-1
1,-1,1,1,1,1.0,0.8771,1,-1,1,1,1,0.8975,1.0,1.0,-1.0,1,1,0,1,1,1,1,-1,1,0,1,1.0,0,1,1
-1,-1,1,1,1,1.0,1.0,0,1,1,1,1,1.0,1.0,1.0,-1.0,1,1,0,1,1,1,1,-1,1,-1,-1,1.0,1,1,-1
1,-1,1,1,1,1.0,1.0,-1,1,1,1,1,1.0,1.0,1.0,-1.0,1,1,0,1,1,1,1,-1,1,0,1,1.0,0,1,-1
1,-1,1,1,1,1.0,0.9163,1,-1,1,1,1,0.8841,1.0,1.0,-1.0,1,1,0,1,1,1,1,-1,1,1,-1,1.0,0,1,1
1,-1,1,1,1,1.0,0.8703,1,-1,1,1,1,0.8865,1.0,0.8956,-1.0,1,1,0,1,1,1,1,-1,1,1,1,1.0,0,1,1
1,1,1,1,1,1.0,0.8607,1,-1,1,1,1,0.8942,1.0,0.8158,-1.0,1,1,0,1,1,1,1,1,1,1,1,1.0,0,1,1
-1,-1,1,1,1,1.0,1.0,-1,-1,1,1,1,1.0,1.0,1.0,-1.0,1,1,1,1,1,1,1,-1,1,0,-1,1.0,0,-1,-1
-1,-1,1,1,1,1.0,1.0,0,1,1,1,1,1.0,1.0,1.0,-1.0,1,1,0,1,1,1,1,-1,1,-1,-1,1.0,1,1,-1
1,-1,1,1,1,1.0,1.0,1,1,1,1,1,1.0,1.0,1.0,-1.0,1,1,0,1,1,1,1,-1,1,-1,1,1.0,0,1,-1
-1,1,1,1,1,1.0,0.8791,1,-1,-1,1,1,0.8241,1.0,0.8959,-1.0,1,1,0,1,1,-1,1,1,1,1,-1,1.0,1,1,1
1,-1,1,1,1,1.0,0.8973,1,-1,1,1,1,0.9142,1.0,1.0,-1.0,1,1,0,1,1,1,1,-1,1,0,1,1.0,0,1,1
1,-1,1,1,1,1.0,1.0,-1,1,1,1,1,1.0,1.0,1.0,-1.0,1,1,0,1,1,1,1,-1,1,-1,-1,1.0,0,-1,-1
-1,-1,1,1,1,1.0,1.0,-1,1,1,1,1,1.0,1.0,1.0,-1.0,1,1,0,1,1,1,1,-1,1,0,1,1.0,1,-1,-1
1,1,1,1,1,1.0,0.9177,1,-1,1,1,1,0.9255,1.0,1.0,-1.0,1,1,0,1,1,1,1,1,1,1,1,1.0,0,1,1
-1,-1,1,1,1,1.0,1.0,0,1,1,1,1,1.0,1.0,1.0,-1.0,1,1,0,1,1,1,1,-1,1,-1,-1,1.0,1,1,-1
-1,-1,1,1,1,1.0,1.0,-1,-1,-1,1,1,1.0,1.0,1.0,-1.0,1,1,0,1,1,-1,1,-1,1,1,1,1.0,1,-1,-1
1,1,1,1,1,1.0,0.8352,1,-1,1,1,1,0.821,1.0,0.8981,-1.0,1,1,0,1,1,1,1,1,1,1,-1,1.0,0,1,1
1,-1,1,1,1,1.0,0.8804,1,-1,1,1,1,0.908,1.0,1.0,-1.0,1,1,0,1,1,1,1,-1,1,1,-1,1.0,0,1,1
1,-1,1,1,1,1.0,0.9129,1,-1,-1,1,1,0.9159,1.0,1.0,-1.0,1,1,0,1,1,-1,1,-1,1,0,-1,1.0,0,1,1
1,1,1,1,1,1.0,0.9011,1,-1,-1,1,-1,0.9034,1.0,1.0,-1.0,1,1,0,-1,1,-1,1,1,1,1,1,1.0,-1,1,1
-1,-1,1,1,1,0.8253,0.8071,1,-1,-1,-1,1,0.8796,1.0,1.0,-1.0,-1,1,0,-1,1,-1,1,-1,1,1,1,1.0,1,1,1
-1,1,1,1,1,1.0,1.0,-1,1,1,1,1,1.0,1.0,1.0,-1.0,1,1,0,1,1,1,1,1,1,0,1,1.0,1,1,-1
1,-1,1,1,1,1.0,0.901,1,-1,1,1,1,0.9197,1.0,1.0,-1.0,1,1,0,1,1,1,1,-1,1,0,1,1.0,0,1,1
1,1,1,-1,1,1.0,0.8311,1,-1,-1,-1,1,0.8929,1.0,0.8982,-1.0,-1,1,0,-1,-1,-1,-1,1,1,0,1,1.0,1,1,1
1,-1,1,1,1,1.0,1.0,1,1,1,1,1,1.0,1.0,1.0,-1.0,1,1,0,1,1,1,1,-1,1,1,1,1.0,0,1,-1
-1,-1,1,1,1,1.0,1.0,-1,-1,1,1,1,1.0,1.0,1.0,-1.0,1,1,0,1,1,1,1,-1,1,-1,1,1.0,1,1,-1
-1,1,1,1,-1,1.0,0.815,1,-1,-1,1,-1,0.82,1.0,0.8573,-1.0,1,1,0,-1,1,-1,1,1,1,1,-1,1.0,0,1,1
1,-1,1,1,1,1.0,0.8935,1,-1,1,1,1,0.8149,0.834,1.0,-1.0,1,1,0,1,1,1,1,-1,1,0,1,1.0,0,1,1
1,-1,1,1,1,1.0,0.8845,1,-1,1,1,1,0.8973,1.0,0.8048,-1.0,1,1,0,1,1,1,1,-1,1,1,-1,1.0,0,1,1
-1,-1,1,1,1,1.0,0.9062,1,-1,1,1,1,0.8641,1.0,1.0,-1.0,1,1,0,1,1,1,1,-1,1,1,1,1.0,0,1,1
1,-1,1,1,1,1.0,0.8208,1,-1,1,1,-1,0.8215,1.0,0.8462,-1.0,1,1,0,1,1,1,1,-1,1,0,1,1.0,-1,1,1
1,-1,1,1,1,1.0,1.0,-1,1,1,1,1,1.0,1.0,1.0,-1.0,1,1,0,1,1,1,1,-1,1,-1,1,1.0,0,1,-1
-1,-1,1,1,1,1.0,0.8828,1,-1,1,1,1,0.8886,0.8824,1.0,-1.0,1,1,0,1,1,1,1,-1,1,-1,1,1.0,1,1,1
1,-1,1,1,1,1.0,1.0,-1,1,1,1,1,1.0,1.0,1.0,-1.0,1,1,0,1,1,1,1,-1,1,-1,1,1.0,0,1,-1
1,-1,1,1,1,1.0,0.8984,1,-1,1,1,1,0.8795,1.0,1.0,-1.0,1,1,0,1,1,1,1,-1,1,1,1,1.0,0,1,1
1,-1,1,1,1,1.0,0.9077,1,-1,1,1,1,0.8751,1.0,1.0,-1.0,1,1,0,1,1,1,1,-1,1,0,-1,1.0,0,1,1
-1,-1,1,1,1,1.0,1.0,-1,1,1,1,1,1.0,1.0,1.0,-1.0,1,1,1,1,1,1,1,-1,1,-1,-1,1.0,1,1,-1
1,1,1,1,1,1.0,0.8909,1,-1,1,1,1,0.8345,0.8322,1.0,-1.0,1,1,0,1,1,1,1,1,1,1,-1,1.0,0,1,1
-1,-1,1,1,1,1.0,0.8979,1,-1,1,1,1,0.8982,0.8669,1.0,-1.0,1,1,0,1,1,1,1,-1,1,1,-1,1.0,1,1,1
1,-1,1,1,1,1.0,0.8193,1,-1,1,1,1,0.8252,0.8598,1.0,-1.0,1,1,0,1,1,1,1,-1,1,0,1,1.0,0,1,1
-1,-1,1,1,1,1.0,1.0,1,1,1,1,1,1.0,1.0,1.0,-1.0,1,1,0,1,1,1,1,-1,1,-1,1,1.0,1,1,-1
1,-1,1,1,1,1.0,0.9239,-1,-1,1,1,1,0.9175,1.0,1.0,-1.0,1,1,0,1,1,-1,1,-1,1,0,1,1.0,1,1,1
-1,-1,1,1,1,1.0,0.808,1,-1,1,1,1,0.8288,0.8798,1.0,-1.0,1,1,0,1,1,1,1,-1,1,-1,-1,1.0,1,1,1
-1,-1,1,-1,1,1.0,1.0,-1,1,1,1,-1,1.0,1.0,1.0,-1.0,1,-1,0,1,1,1,1,-1,1,0,-1,1.0,1,1,-1
-1,-1,1,1,1,1.0,0.8973,1,-1,1,1,1,0.9223,1.0,1.0,-1.0,1,1,0,1,1,1,1,-1,1,0,1,1.0,0,1,1
1,-1,1,1,1,1.0,0.9151,1,-1,1,1,1,0.9013,1.0,1.0,-1.0,1,1,0,1,1,1,1,-1,1,0,-1,1.0,0,1,1
-1,-1,1,-1,1,1.0,1.0,-1,1,-1,-1,1,1.0,1.0,1.0,-1.0,-1,-1,0,-1,1,-1,1,-1,1,1,-1,1.0,-1,1,-1
-1,-1,1,1,1,1.0,1.0,-1,1,1,1,1,1.0,1.0,1.0,-1.0,1,1,0,1,1,1,1,-1,1,-1,1,1.0,1,1,-1
-1,1,1,-1,1,1.0,1.0,0,-1,-1,-1,1,1.0,1.0,1.0,-1.0,-1,1,0,1,1,-1,1,1,1,-1,-1,1.0,0,1,-1
1,-1,1,1,1,1.0,0.8563,1,-1,-1,1,1,0.8686,1.0,0.8074,-1.0,1,1,0,1,1,-1,1,-1,1,0,-1,1.0,0,1,1
1,-1,1,1,1,1.0,1.0,0,1,1,1,1,1.0,1.0,1.0,-1.0,-1,1,0,1,1,1,1,-1,1,-1,1,1.0,1,1,-1
1,-1,1,1,1,1.0,1.0,-1,1,1,1,1,0.9201,1.0,1.0,-1.0,1,1,0,1,1,1,1,-1,1,0,1,1.0,0,1,-1
-1,-1,1,-1,1,1.0,0.9059,1,-1,-1,-1,1,0.8764,1.0,1.0,-1.0,-1,1,0,-1,-1,-1,-1,-1,1,1,-1,1.0,1,1,1
1,1,1,1,1,1.0,0.8671,1,-1,1,1,1,0.8765,0.8829,1.0,-1.0,1,1,0,1,1,1,1,1,1,1,-1,1.0,0,1,1
-1,-1,1,1,1,1.0,1.0,1,1,1,1,1,1.0,1.0,1.0,-1.0,1,1,0,1,1,1,1,-1,1,0,1,1.0,0,1,-1
-1,-1,1,-1,1,1.0,1.0,-1,1,-1,-1,1,1.0,1.0,1.0,-1.0,-1,1,0,-1,-1,-1,-1,-1,1,0,1,1.0,1,1,-1
-1,-1,1,1,1,1.0,0.8162,1,-1,1,1,1,0.8576,1.0,0.8383,-1.0,1,1,0,1,1,1,1,-1,1,0,1,1.0,1,1,1
-1,-1,1,1,1,1.0,1.0,-1,1,1,1,1,1.0,1.0,1.0,-1.0,1,1,1,1,1,1,1,-1,1,-1,1,1.0,1,1,-1
-1,-1,1,1,1,1.0,1.0,0,1,-1,1,-1,1.0,1.0,1.0,-1.0,1,1,0,-1,1,-1,1,-1,1,-1,-1,1.0,1,1,-1
-1,-1,1,-1,1,1.0,0.8072,-1,-1,-1,-1,1,0.8424,1.0,0.8617,-1.0,-1,1,0,-1,1,-1,-1,-1,1,0,-1,1.0,1,1,1
-1,-1,1,1,1,1.0,1.0,-1,1,1,1,1,1.0,1.0,1.0,-1.0,1,1,0,1,1,1,1,-1,1,-1,-1,1.0,0,1,-1
-1,-1,1,-1,1,1.0,0.8807,1,-1,-1,-1,1,0.9233,1.0,1.0,-1.0,-1,1,0,-1,1,-1,-1,-1,1,1,-1,1.0,1,1,1
1,-1,1,1,1,1.0,1.0,-1,1,1,1,1,1.0,1.0,1.0,-1.0,1,1,0,1,1,1,1,-1,1,0,1,1.0,0,1,-1
1,-1,1,1,1,1.0,1.0,-1,1,1,1,1,1.0,1.0,1.0,-1.0,1,1,0,1,1,1,1,-1,1,1,1,1.0,0,1,-1
-1,1,1,1,1,1.0,1.0,-1,1,1,1,1,1.0,1.0,1.0,-1.0,1,1,0,1,1,1,1,1,1,0,-1,1.0,1,1,-1
1,-1,1,1,1,1.0,0.8406,1,1,1,1,1,0.8007,0.8649,1.0,-1.0,1,1,0,1,1,1,1,-1,1,1,-1,1.0,0,1,1
1,1,1,1,1,1.0,0.8908,1,-1,1,1,1,0.9006,1.0,1.0,-1.0,1,1,0,1,1,1,1,1,1,1,1,1.0,0,1,1
-1,1,1,1,1,1.0,0.9099,1,-1,-1,1,1,0.9173,1.0,1.0,-1.0,1,1,1,-1,1,-1,-1,1,1,0,1,1.0,0,1,1
1,-1,1,1,1,1.0,0.8836,-1,-1,1,1,1,0.9285,1.0,1.0,-1.0,1,1,0,1,1,1,1,-1,1,0,1,1.0,0,1,1
-1,-1,-1,-1,-1,1.0,0.8647,1,-1,1,1,-1,0.9246,1.0,1.0,-1.0,1,-1,0,1,1,1,1,-1,-1,1,1,1.0,-1,1,1
-1,-1,1,1,1,1.0,1.0,-1,1,1,1,1,1.0,1.0,1.0,-1.0,1,1,0,1,1,1,1,-1,1,0,-1,1.0,0,1,-1
1,-1,1,1,1,1.0,0.9136,1,-1,1,1,1,0.8993,1.0,1.0,-1.0,1,1,0,1,1,1,1,-1,1,1,-1,1.0,0,1,1
-1,-1,1,1,1,1.0,1.0,-1,1,1,1,1,1.0,1.0,1.0,-1.0,1,1,1,1,1,1,1,-1,1,-1,1,1.0,0,1,-1
-1,-1,1,1,1,1.0,0.8175,1,-1,1,1,1,0.87,1.0,0.8925,-1.0,1,1,0,1,1,1,1,-1,1,0,1,1.0,1,1,1
1,-1,1,1,1,1.0,1.0,-1,-1,1,1,1,1.0,1.0,1.0,-1.0,1,1,1,1,1,1,1,-1,1,0,-1,1.0,0,1,-1
-1,-1,1,1,1,1.0,1.0,-1,1,1,1,1,1.0,1.0,1.0,-1.0,1,1,1,1,1,1,1,-1,1,-1,1,1.0,1,1,-1
-1,0,1,-1,1,1.0,1.0,0,1,1,1,1,1.0,1.0,1.0,-1.0,-1,-1,0,1,1,1,1,-1,1,1,-1,1.0,1,1,-1
-1,-1,1,1,1,1.0,1.0,0,1,1,1,1,1.0,1.0,1.0,-1.0,-1,1,0,1,1,1,1,-1,1,-1,-1,1.0,1,1,-1
-1,-1,1,1,1,1.0,1.0,-1,1,1,1,1,1.0,1.0,1.0,-1.0,1,1,1,1,1,1,1,-1,1,-1,1,1.0,1,1,-1
-1,-1,1,1,1,1.0,0.8106,1,-1,-1,1,1,0.8067,1.0,0.8042,-1.0,1,1,0,1,1,-1,-1,-1,1,0,1,1.0,1,1,1
-1,-1,1,1,1,1.0,1.0,-1,1,1,1,1,1.0,1.0,1.0,-1.0,1,1,0,1,1,1,1,-1,1,0,1,1.0,1,1,-1
-1,-1,1,1,1,1.0,0.8677,1,-1,1,1,1,0.907,1.0,1.0,-1.0,1,1,0,1,1,1,1,-1,1,0,-1,1.0,1,1,1
-1,-1,1,-1,1,1.0,1.0,-1,1,1,1,-1,1.0,1.0,1.0,-1.0,1,-1,0,1,1,1,1,-1,1,0,-1,1.0,1,1,-1
-1,-1,1,1,1,1.0,1.0,1,1,1,1,1,1.0,1.0,1.0,-1.0,1,1,0,1,1,1,1,-1,1,-1,1,1.0,0,1,-1
-1,-1,1,1,1,1.0,1.0,1,-1,1,1,1,1.0,1.0,1.0,-1.0,1,1,0,1,1,1,1,-1,1,0,1,1.0,0,1,-1
1,-1,1,1,1,1.0,1.0,-1,-1,1,1,1,1.0,1.0,1.0,-1.0,1,1,0,1,1,1,1,-1,1,0,1,1.0,0,1,-1
1,1,1,1,1,1.0,0.8765,-1,-1,1,1,-1,0.9198,1.0,1.0,-1.0,1,1,1,1,1,1,1,-1,1,0,-1,1.0,-1,1,1
-1,1,1,1,1,1.0,0.892,1,-1,-1,1,1,0.8795,1.0,1.0,-1.0,1,1,0,-1,1,-1,-1,1,1,0,1,1.0,0,1,1
1,-1,1,1,1,1.0,0.8684,1,-1,1,1,1,0.9245,1.0,1.0,-1.0,1,1,0,1,1,1,1,-1,1,1,-1,1.0,0,1,1
-1,-1,1,1,1,1.0,1.0,0,-1,-1,-1,1,1.0,1.0,1.0,-1.0,-1,1,0,1,1,-1,1,-1,1,1,-1,1.0,1,1,-1
1,-1,1,1,1,1.0,0.8452,-1,-1,1,1,1,0.8556,1.0,0.8117,-1.0,1,1,0,1,1,1,1,-1,1,-1,1,1.0,1,1,1
-1,-1,1,-1,1,1.0,0.9263,1,-1,-1,-1,1,0.8879,1.0,1.0,-1.0,-1,1,0,-1,-1,-1,-1,-1,1,1,-1,1.0,1,1,1
1,-1,1,1,1,1.0,0.8575,1,-1,1,1,1,0.8632,1.0,0.8185,-1.0,1,1,0,1,1,1,1,-1,1,1,1,1.0,0,1,1
-1,-1,1,-1,1,1.0,1.0,-1,1,-1,-1,1,1.0,1.0,1.0,-1.0,-1,-1,0,-1,1,-1,1,-1,1,1,-1,1.0,-1,1,-1
-1,-1,1,1,1,1.0,1.0,-1,-1,1,1,1,1.0,1.0,1.0,-1.0,1,1,0,1,1,1,1,-1,1,-1,-1,1.0,0,1,-1
-1,1,1,1,1,1.0,0.8781,1,-1,1,1,1,0.8848,1.0,0.8719,-1.0,1,1,0,1,1,1,1,1,1,1,-1,1.0,1,1,1
-1,-1,1,1,1,1.0,0.8964,1,-1,1,1,1,0.8691,1.0,1.0,-1.0,1,1,0,1,1,1,1,-1,1,0,-1,1.0,1,1,1
-1,-1,1,1,1,1.0,1.0,-1,-1,1,1,1,1.0,1.0,1.0,-1.0,1,1,1,1,1,1,1,-1,1,-1,1,1.0,0,1,-1
-1,-1,1,-1,1,1.0,0.8656,1,-1,-1,-1,1,0.9245,1.0,1.0,-1.0,-1,1,0,-1,1,-1,-1,-1,1,1,-1,1.0,1,1,1
-1,1,1,1,1,1.0,0.8111,1,-1,-1,1,1,0.819,1.0,0.8895,-1.0,1,1,0,1,1,-1,1,1,1,1,-1,1.0,1,1,1
1,1,1,1,1,1.0,0.8853,-1,-1,1,1,-1,0.9039,1.0,1.0,-1.0,1,1,0,1,1,1,1,-1,1,0,-1,1.0,-1,1,1
-1,-1,1,1,1,1.0,1.0,0,-1,1,1,1,1.0,1.0,1.0,-1.0,1,1,0,1,1,1,1,-1,1,-1,-1,1.0,1,1,-1
1,-1,1,1,1,1.0,1.0,-1,1,1,1,1,1.0,1.0,1.0,-1.0,1,1,0,1,1,1,1,-1,1,-1,-1,1.0,0,1,-1
1,-1,1,1,1,1.0,1.0,-1,1,1,1,1,1.0,1.0,1.0,-1.0,1,1,0,1,1,1,1,-1,1,0,1,1.0,0,1,-1
1,-1,1,1,1,1.0,0.8726,1,-1,-1,1,1,0.8793,1.0,1.0,-1.0,1,1,0,1,1,-1,1,-1,1,0,1,1.0,0,1,1
-1,1,1,-1,1,1.0,0.8763,1,-1,-1,-1,1,0.8499,1.0,0.8033,-1.0,-1,1,0,-1,-1,-1,-1,1,1,0,1,1.0,1,1,1
-1,-1,1,1,1,1.0,1.0,-1,-1,1,1,1,1.0,1.0,1.0,-1.0,1,1,0,1,1,1,1,-1,1,0,1,1.0,0,1,-1
1,-1,1,1,1,1.0,1.0,-1,1,1,1,1,1.0,1.0,1.0,-1.0,1,1,0,1,1,1,1,-1,1,-1,-1,1.0,0,1,-1
1,1,1,1,1,1.0,0.878,1,-1,1,1,1,0.8088,1.0,0.8628,-1.0,1,1,0,1,1,1,1,1,1,1,-1,1.0,1,1,1
-1,-1,1,1,1,1.0,1.0,-1,1,1,1,1,1.0,1.0,1.0,-1.0,1,1,0,1,1,1,1,-1,1,1,1,1.0,0,1,-1
1,-1,1,1,1,1.0,0.869,1,-1,1,1,1,0.8619,1.0,1.0,-1.0,1,1,0,1,1,1,1,-1,1,0,1,1.0,0,1,1
-1,-1,1,1,1,1.0,0.8873,1,-1,-1,1,1,0.8157,1.0,0.8839,-1.0,1,1,0,1,1,-1,1,-1,1,0,-1,1.0,0,1,1
-1,-1,1,1,1,1.0,1.0,-1,1,1,1,1,1.0,1.0,1.0,-1.0,1,1,1,1,1,1,1,-1,1,-1,1,1.0,1,1,-1
1,-1,1,1,1,1.0,1.0,1,-1,1,1,1,1.0,1.0,1.0,-1.0,1,1,0,1,1,1,1,-1,1,0,1,1.0,0,1,-1
1,-1,1,1,1,1.0,1.0,-1,-1,1,1,1,1.0,1.0,1.0,-1.0,1,1,0,1,1,1,1,-1,1,-1,1,1.0,0,1,-1
1,-1,1,-1,1,1.0,1.0,-1,1,-1,-1,1,1.0,1.0,1.0,-1.0,-1,1,0,-1,1,-1,-1,-1,1,-1,-1,1.0,0,1,-1
1,-1,1,1,1,1.0,0.9017,1,-1,1,1,1,0.8723,1.0,1.0,-1.0,1,1,0,1,1,1,1,-1,1,1,-1,1.0,0,1,1
1,-1,1,-1,1,1.0,0.8906,-1,-1,-1,-1,1,0.8039,1.0,0.8394,-1.0,-1,1,0,-1,1,-1,-1,-1,1,0,-1,1.0,1,1,1
1,1,1,1,1,1.0,0.8619,1,-1,1,1,1,0.8739,1.0,1.0,-1.0,1,1,0,1,1,1,1,1,1,1,-1,1.0,0,1,1
-1,-1,1,1,1,1.0,0.8186,1,-1,-1,-1,1,0.8801,0.8676,1.0,-1.0,-1,1,0,1,1,-1,-1,-1,1,1,1,1.0,1,1,1
-1,-1,1,1,1,1.0,1.0,-1,1,1,1,1,1.0,1.0,1.0,-1.0,1,1,0,1,1,1,1,-1,1,0,-1,1.0,0,1,-1
-1,-1,1,1,1,1.0,1.0,-1,1,1,1,1,1.0,1.0,1.0,-1.0,1,1,1,1,1,1,1,-1,1,-1,-1,1.0,0,1,-1
1,-1,1,1,1,1.0,0.8954,1,-1,1,1,1,0.8607,1.0,1.0,-1.0,1,1,0,1,1,1,1,-1,1,0,-1,1.0,0,1,1
-1,-1,1,1,1,1.0,0.8761,1,-1,1,1,1,0.8082,0.8137,1.0,-1.0,1,1,0,1,1,1,1,-1,1,-1,1,1.0,1,1,1
1,-1,1,1,1,1.0,1.0,-1,1,1,1,1,1.0,1.0,1.0,-1.0,1,1,0,1,1,1,1,-1,1,0,-1,1.0,0,1,-1
-1,-1,1,-1,-1,1.0,1.0,1,1,1,1,-1,1.0,1.0,1.0,-1.0,1,1,1,-1,1,1,1,-1,1,-1,-1,1.0,1,1,-1
-1,-1,1,-1,1,1.0,1.0,1,1,1,1,1,1.0,1.0,1.0,-1.0,1,1,1,1,1,1,1,-1,1,0,1,1.0,1,1,-1
-1,-1,1,1,1,1.0,1.0,-1,1,1,1,1,1.0,1.0,1.0,-1.0,1,1,0,1,1,1,1,-1,1,0,-1,1.0,1,1,-1
-1,1,1,-1,1,1.0,1.0,1,1,-1,-1,1,1.0,1.0,1.0,-1.0,1,1,0,-1,-1,-1,-1,-1,1,0,-1,1.0,0,1,-1
1,-1,1,1,1,1.0,0.8688,1,-1,1,1,1,0.8291,0.8031,1.0,-1.0,1,1,0,1,1,1,1,-1,1,0,1,1.0,0,1,1
-1,-1,-1,1,-1,1.0,0.8155,1,-1,1,1,-1,0.8821,1.0,0.8707,-1.0,1,-1,0,1,1,1,1,-1,1,1,-1,1.0,1,1,1
1,-1,1,1,1,1.0,0.8905,1,-1,-1,-1,1,0.9066,1.0,1.0,-1.0,-1,1,0,1,1,-1,1,-1,1,1,-1,1.0,0,1,1
1,-1,-1,1,1,1.0,0.8906,1,-1,1,1,1,0.8128,0.8955,1.0,-1.0,1,1,1,1,1,1,1,-1,1,1,1,1.0,0,1,1
1,-1,1,1,1,1.0,0.8598,1,-1,1,1,1,0.8713,0.8125,1.0,-1.0,1,1,0,1,1,1,1,-1,1,1,1,1.0,0,1,1
-1,-1,1,1,1,1.0,1.0,-1,1,1,1,1,1.0,1.0,1.0,-1.0,1,1,1,1,1,1,1,-1,1,-1,-1,1.0,1,1,-1
1,1,1,1,1,1.0,0.8319,1,-1,1,1,1,0.8611,1.0,0.862,-1.0,1,1,0,1,1,1,1,1,1,1,1,1.0,0,1,1
-1,-1,1,1,1,1.0,1.0,0,-1,1,1,1,1.0,1.0,1.0,-1.0,1,1,0,1,1,1,1,-1,1,-1,-1,1.0,1,1,-1
-1,-1,1,1,1,1.0,1.0,0,-1,1,1,1,1.0,1.0,1.0,-1.0,1,1,0,1,1,1,1,-1,1,-1,-1,1.0,0,-1,-1
1,-1,1,1,1,0.8198,0.8848,1,-1,1,1,1,0.8789,1.0,1.0,-1.0,1,1,0,1,1,1,1,-1,1,1,-1,1.0,0,1,1
1,1,1,-1,1,1.0,0.883,0,-1,1,1,1,0.8727,1.0,1.0,-1.0,1,1,0,1,1,1,1,-1,1,1,1,1.0,-1,1,1
1,-1,1,-1,1,1.0,0.8136,1,-1,1,1,1,0.8158,1.0,0.8241,-1.0,-1,-1,1,1,1,1,1,-1,1,1,1,1.0,-1,1,1
-1,-1,1,1,1,1.0,1.0,-1,1,1,1,1,1.0,1.0,1.0,-1.0,1,1,0,1,1,1,1,-1,1,0,-1,1.0,0,-1,-1
1,1,1,1,1,1.0,0.8855,1,-1,-1,1,-1,0.9167,1.0,1.0,-1.0,1,1,0,-1,1,-1,1,1,1,1,1,1.0,-1,1,1
-1,-1,1,1,1,1.0,0.8942,1,-1,1,1,1,0.8752,1.0,1.0,-1.0,1,1,0,1,1,1,1,-1,1,1,-1,1.0,1,1,1
-1,0,1,-1,1,1.0,1.0,0,1,1,1,1,1.0,1.0,1.0,-1.0,-1,-1,0,1,1,1,1,-1,1,1,-1,1.0,1,1,-1
-1,-1,1,-1,1,1.0,1.0,-1,1,1,1,1,1.0,1.0,1.0,-1.0,1,1,0,1,1,1,1,-1,1,0,-1,1.0,1,1,-1
-1,-1,1,-1,1,1.0,1.0,-1,-1,1,1,1,1.0,1.0,1.0,-1.0,1,1,1,1,1,1,1,-1,1,-1,-1,1.0,0,1,-1
-1,-1,1,1,1,1.0,0.8874,1,-1,-1,-1,1,0.9155,1.0,1.0,-1.0,-1,1,0,1,1,-1,1,-1,1,1,-1,1.0,0,1,1
-1,-1,1,1,1,1.0,1.0,0,1,1,1,1,1.0,1.0,1.0,-1.0,1,1,0,1,1,1,1,-1,1,-1,-1,1.0,1,1,-1
1,-1,1,1,1,1.0,0.8137,1,-1,1,1,1,0.8923,0.8592,1.0,-1.0,1,1,0,1,1,1,1,-1,1,0,1,1.0,0,1,1
-1,-1,1,1,1,1.0,0.8531,-1,-1,1,1,1,0.8002,1.0,0.8801,-1.0,1,1,0,1,1,1,1,-1,1,-1,1,1.0,1,1,1
-1,-1,1,1,1,1.0,1.0,-1,1,1,1,1,1.0,1.0,1.0,-1.0,1,1,0,1,1,1,1,-1,1,0,1,1.0,1,1,-1
1,-1,1,-1,1,1.0,1.0,-1,1,1,1,1,1.0,1.0,1.0,-1.0,1,1,0,1,1,1,1,-1,1,0,-1,1.0,0,1,-1
1,-1,1,1,1,1.0,0.8949,1,-1,-1,1,1,0.8951,1.0,1.0,-1.0,1,1,1,1,1,-1,1,-1,1,0,-1,1.0,0,1,1
1,-1,1,1,1,1.0,0.8731,1,-1,1,1,-1,0.8626,1.0,0.872,-1.0,1,1,0,1,1,1,1,-1,1,0,1,1.0,-1,1,1
1,-1,1,-1,1,1.0,1.0,-1,1,1,1,1,1.0,1.0,1.0,-1.0,1,1,1,1,1,1,1,-1,1,-1,1,1.0,0,-1,-1
-1,-1,1,-1,1,1.0,1.0,-1,1,-1,-1,1,1.0,1.0,1.0,-1.0,-1,1,1,1,1,-1,1,-1,1,-1,1,1.0,0,1,-1
1,-1,1,1,1,1.0,1.0,0,1,1,1,1,1.0,1.0,1.0,-1.0,1,1,0,1,1,1,1,-1,1,1,1,1.0,1,1,-1
-1,-1,1,1,1,1.0,1.0,-1,1,1,1,1,1.0,1.0,1.0,-1.0,1,1,0,1,1,1,1,-1,1,-1,1,1.0,0,1,-1
-1,1,1,-1,1,1.0,1.0,-1,1,1,1,1,0.9308,1.0,1.0,-1.0,1,1,0,1,1,1,1,1,1,0,1,1.0,0,1,-1
1,-1,1,1,1,1.0,0.9101,1,-1,1,1,1,0.8804,1.0,1.0,-1.0,1,1,0,1,1,1,1,-1,1,0,1,1.0,0,1,1
-1,-1,1,1,1,1.0,1.0,0,1,1,1,1,1.0,1.0,1.0,-1.0,1,1,0,1,1,1,1,-1,1,-1,-1,1.0,1,1,-1
1,-1,1,1,1,1.0,0.9111,1,-1,1,1,1,0.9292,1.0,1.0,-1.0,1,1,0,1,1,1,1,-1,1,1,-1,1.0,0,1,1
1,-1,1,1,1,1.0,0.8211,1,-1,1,1,1,0.833,1.0,0.8297,-1.0,1,1,0,1,1,1,1,-1,1,1,1,1.0,0,1,1
1,1,1,1,1,1.0,0.8526,1,-1,1,1,1,0.8359,1.0,0.8692,-1.0,1,1,0,1,1,1,1,1,1,1,1,1.0,0,1,1
-1,-1,1,1,1,1.0,1.0,-1,-1,1,1,1,1.0,1.0,1.0,-1.0,1,1,1,1,1,1,1,-1,1,0,-1,1.0,0,-1,-1
1,-1,1,1,1,1.0,1.0,1,1,1,1,1,1.0,1.0,1.0,-1.0,1,1,0,1,1,1,1,-1,1,-1,-1,1.0,0,1,-1
-1,1,1,1,1,1.0,0.8527,1,-1,-1,1,1,0.8384,1.0,0.859,-1.0,1,1,0,1,1,-1,1,1,1,1,-1,1.0,1,1,1
1,-1,1,1,1,1.0,0.8757,1,-1,1,1,1,0.9127,1.0,1.0,-1.0,1,1,0,1,1,1,1,-1,1,0,1,1.0,0,1,1
-1,-1,1,1,1,1.0,1.0,-1,1,1,1,1,1.0,1.0,1.0,-1.0,1,1,0,1,1,1,1,-1,1,0,-1,1.0,1,1,-1
1,1,1,1,1,1.0,0.8969,1,-1,1,1,1,0.8625,1.0,1.0,-1.0,1,1,0,1,1,1,1,1,1,1,1,1.0,0,1,1
-1,-1,1,1,1,1.0,1.0,-1,-1,-1,1,1,1.0,1.0,1.0,-1.0,1,1,0,1,1,-1,1,-1,1,1,-1,1.0,1,-1,-1
1,1,1,1,1,1.0,0.8865,1,-1,1,1,1,0.8248,1.0,0.8819,-1.0,1,1,0,1,1,1,1,1,1,1,-1,1.0,0,1,1
1,-1,1,1,1,1.0,0.9192,1,-1,1,1,1,0.8674,1.0,1.0,-1.0,1,1,0,1,1,1,1,-1,1,1,-1,1.0,0,1,1
1,-1,1,1,1,1.0,0.8889,1,-1,-1,1,1,0.926,1.0,1.0,-1.0,1,1,0,1,1,-1,1,-1,1,0,-1,1.0,0,1,1
1,1,1,1,1,1.0,0.8935,1,-1,-1,1,-1,0.916,1.0,1.0,-1.0,1,1,0,-1,1,-1,1,1,1,1,1,1.0,-1,1,1
-1,-1,1,1,1,0.8907,0.8616,1,-1,-1,-1,1,0.8856,1.0,1.0,-1.0,-1,1,0,-1,1,-1,1,-1,1,1,1,1.0,1,1,1
1,-1,1,1,1,1.0,0.9214,1,-1,1,1,1,0.8651,1.0,1.0,-1.0,1,1,0,1,1,1,1,-1,1,0,-1,1.0,0,1,1
1,1,1,-1,1,1.0,0.8252,1,-1,-1,-1,1,0.8458,1.0,0.832,-1.0,-1,1,0,-1,-1,-1,-1,1,1,0,1,1.0,1,1,1
1,-1,1,1,1,1.0,1.0,1,1,1,1,1,1.0,1.0,1.0,-1.0,1,1,0,1,1,1,1,-1,1,1,1,1.0,0,1,-1
-1,-1,1,1,1,1.0,1.0,-1,-1,1,1,1,1.0,1.0,1.0,-1.0,1,1,0,1,1,1,1,-1,1,-1,1,1.0,1,1,-1
-1,1,1,1,-1,1.0,0.8134,1,-1,-1,1,-1,0.8644,1.0,0.8771,-1.0,1,1,0,-1,1,-1,1,1,1,1,-1,1.0,0,1,1
1,-1,-1,1,1,1.0,1.0,-1,1,1,1,1,1.0,1.0,1.0,-1.0,1,1,1,1,1,1,1,1,1,0,-1,1.0,1,-1,-1
-1,-1,-1,1,-1,1.0,0.8363,1,-1,1,1,-1,0.87,1.0,0.849,-1.0,1,-1,0,1,1,1,1,1,1,-1,-1,1.0,1,1,1
1,-1,1,1,1,1.0,0.8867,1,-1,-1,-1,1,0.8911,1.0,1.0,-1.0,-1,1,0,1,1,-1,1,1,1,-1,-1,1.0,0,1,1
-1,1,-1,-1,-1,1.0,1.0,1,-1,-1,-1,1,1.0,1.0,1.0,-1.0,-1,1,0,1,1,1,1,1,1,1,-1,1.0,-1,1,-1
1,-1,1,1,1,1.0,0.8547,1,-1,1,1,1,0.8568,0.8875,1.0,-1.0,1,1,0,1,1,1,1,1,1,1,-1,1.0,0,1,1
1,1,1,1,1,1.0,0.869,1,-1,1,1,1,0.893,1.0,0.8189,-1.0,1,-1,0,1,1,1,1,1,1,-1,1,1.0,0,1,1
1,-1,1,1,1,1.0,0.8147,1,-1,1,1,1,0.8568,1.0,0.8811,-1.0,1,1,0,1,1,1,1,1,1,1,-1,1.0,0,1,1
1,-1,1,1,1,1.0,0.8954,1,-1,1,1,1,0.8748,1.0,1.0,-1.0,1,1,0,1,1,1,1,1,1,1,-1,1.0,0,1,1
1,1,1,-1,1,1.0,0.8963,-1,-1,1,1,1,0.9009,1.0,1.0,-1.0,1,1,0,1,1,1,1,-1,1,1,1,1.0,0,1,1
-1,-1,1,1,1,1.0,0.8278,1,-1,1,1,1,0.8867,1.0,0.8615,-1.0,1,1,0,-1,1,1,1,1,1,1,-1,1.0,0,1,1
1,-1,1,1,1,1.0,0.8605,1,-1,1,1,1,0.8997,0.8448,1.0,-1.0,1,1,0,1,1,1,1,1,1,1,-1,1.0,0,1,1
1,-1,1,1,1,1.0,1.0,-1,-1,1,1,1,1.0,1.0,1.0,-1.0,1,1,0,1,1,1,1,1,1,1,-1,1.0,0,-1,-1
1,-1,1,1,1,1.0,0.8017,1,-1,1,1,1,0.854,0.8109,1.0,-1.0,1,1,0,1,1,1,1,1,1,1,-1,1.0,0,1,1
1,-1,1,1,1,1.0,0.8474,-1,-1,1,1,1,0.8364,0.8173,1.0,-1.0,1,1,0,1,1,1,1,1,1,1,-1,1.0,0,1,1
-1,-1,1,1,1,1.0,1.0,-1,1,1,1,1,1.0,1.0,1.0,-1.0,1,1,0,1,1,1,1,1,1,1,-1,1.0,1,1,-1
1,-1,1,-1,1,1.0,0.8906,1,-1,1,1,1,0.9093,1.0,1.0,-1.0,1,-1,0,1,1,1,1,1,1,1,-1,1.0,0,1,1
1,-1,1,1,1,1.0,0.8391,1,-1,1,1,1,0.8683,0.8287,1.0,-1.0,1,1,0,1,1,1,1,1,1,1,-1,1.0,0,1,1
1,1,1,1,1,1.0,1.0,1,-1,1,1,1,1.0,1.0,1.0,-1.0,1,1,0,1,1,1,1,1,1,1,1,1.0,0,-1,-1
1,1,1,1,-1,1.0,0.8681,1,-1,-1,1,-1,0.8108,1.0,0.8316,-1.0,1,1,0,-1,1,-1,1,1,1,-1,1,1.0,0,1,1
1,-1,1,1,1,1.0,0.8785,1,-1,1,1,1,0.8861,0.8826,1.0,-1.0,1,-1,0,1,1,1,1,-1,1,0,-1,1.0,0,1,1
-1,-1,1,-1,1,1.0,1.0,1,1,-1,1,1,1.0,1.0,1.0,-1.0,1,-1,0,1,1,-1,1,1,1,1,-1,1.0,1,1,-1
-1,-1,1,1,1,0.8364,0.8214,1,-1,1,1,1,0.8114,1.0,1.0,-1.0,1,1,0,1,1,-1,1,-1,1,0,1,1.0,1,1,1
1,-1,1,1,1,1.0,0.8904,1,-1,1,1,1,0.8724,1.0,1.0,-1.0,1,1,0,1,1,1,1,1,1,1,-1,1.0,0,1,1
1,-1,1,-1,1,1.0,0.8238,1,-1,1,1,1,0.8451,0.8726,1.0,-1.0,1,1,0,1,1,1,1,1,1,1,-1,1.0,0,1,1
-1,-1,1,1,1,1.0,1.0,-1,1,1,1,1,1.0,1.0,1.0,-1.0,1,1,0,1,1,1,1,1,1,-1,-1,1.0,0,1,-1
1,-1,1,1,1,1.0,0.8948,1,-1,1,1,1,0.9234,1.0,1.0,-1.0,1,1,0,1,1,1,1,1,1,0,-1,1.0,0,1,1
1,-1,1,1,1,1.0,1.0,-1,-1,1,1,-1,1.0,1.0,1.0,-1.0,1,1,0,1,1,1,1,1,1,-1,-1,1.0,0,1,-1
1,1,1,1,1,1.0,0.8182,1,-1,1,1,1,0.812,1.0,0.8246,-1.0,1,1,0,1,1,1,1,1,1,1,1,1.0,0,1,1
-1,-1,-1,1,-1,1.0,0.8167,-1,-1,1,1,-1,0.8499,0.8353,1.0,-1.0,1,-1,1,1,1,1,1,1,-1,0,-1,1.0,1,1,1
-1,-1,1,1,1,1.0,1.0,0,-1,1,1,1,1.0,1.0,1.0,-1.0,1,1,0,1,1,1,1,1,1,1,-1,1.0,0,-1,-1
1,-1,1,1,1,0.8313,0.7877,1,-1,1,1,1,0.8262,1.0,1.0,-1.0,1,1,0,1,1,1,1,1,1,-1,-1,1.0,0,1,1
1,1,1,-1,1,1.0,0.9032,0,-1,1,1,1,0.8899,1.0,1.0,-1.0,1,1,0,1,1,1,1,1,1,1,-1,1.0,-1,1,1
1,1,1,-1,1,1.0,0.9219,1,-1,1,1,-1,0.9238,1.0,1.0,-1.0,1,-1,0,1,1,1,1,1,1,1,1,1.0,0,1,1
1,1,1,1,1,1.0,0.8942,1,-1,-1,1,-1,0.9136,1.0,1.0,-1.0,1,1,0,-1,1,-1,1,1,1,1,1,1.0,-1,1,1
-1,1,-1,-1,-1,1.0,0.9155,1,-1,1,1,-1,0.8774,1.0,1.0,-1.0,1,-1,1,1,1,1,1,1,-1,0,1,1.0,1,1,1
-1,-1,1,1,1,1.0,0.8876,1,-1,1,1,1,0.8893,1.0,1.0,-1.0,1,1,0,1,1,1,1,1,1,-1,-1,1.0,1,1,1
1,-1,1,1,1,1.0,0.8624,1,-1,1,1,1,0.8761,1.0,1.0,-1.0,1,1,0,1,1,1,1,1,1,1,-1,1.0,0,1,1
-1,-1,1,1,1,1.0,0.8268,1,-1,-1,1,1,0.8805,0.8232,1.0,-1.0,1,1,0,1,1,-1,1,1,1,1,-1,1.0,1,1,1
-1,-1,-1,1,-1,1.0,0.8085,1,1,1,1,-1,0.8668,1.0,0.8678,-1.0,1,-1,1,1,1,1,1,1,-1,1,-1,1.0,1,1,1
1,-1,1,1,1,1.0,0.8613,1,-1,1,1,1,0.8844,1.0,1.0,-1.0,1,1,0,1,1,1,1,1,1,1,-1,1.0,0,1,1
1,-1,1,1,1,1.0,0.8702,-1,-1,1,1,1,0.8738,1.0,1.0,-1.0,1,1,0,1,1,1,1,1,1,0,-1,1.0,0,1,1
-1,1,1,-1,1,1.0,0.8987,1,-1,-1,1,1,0.876,1.0,1.0,-1.0,1,-1,0,1,-1,-1,-1,-1,1,0,1,1.0,1,1,1
1,-1,1,-1,1,1.0,0.8774,1,-1,1,1,1,0.8339,1.0,0.8919,-1.0,-1,-1,0,1,1,1,1,1,1,1,-1,1.0,-1,1,1
1,-1,1,1,1,1.0,0.861,1,-1,1,1,1,0.885,1.0,1.0,-1.0,1,1,0,1,1,1,1,1,1,-1,-1,1.0,0,1,1
-1,-1,-1,1,-1,1.0,0.8162,1,-1,1,1,-1,0.8871,0.8111,1.0,-1.0,1,-1,1,1,1,1,1,1,-1,1,-1,1.0,1,1,1
1,-1,1,1,1,1.0,0.8131,1,-1,-1,-1,1,0.8409,0.8653,1.0,-1.0,-1,1,0,1,1,-1,-1,1,1,1,-1,1.0,1,1,1
1,-1,1,1,1,1.0,1.0,0,1,1,1,1,1.0,1.0,1.0,-1.0,1,1,0,1,1,1,1,1,1,0,-1,1.0,0,1,-1
1,-1,1,1,1,0.8254,0.8719,1,-1,1,1,1,0.8606,1.0,1.0,-1.0,1,1,0,1,1,1,1,1,1,-1,-1,1.0,1,1,1
1,-1,1,1,1,1.0,0.8468,1,1,1,1,1,0.8725,0.8715,1.0,-1.0,1,1,0,1,1,1,1,1,1,-1,-1,1.0,0,1,1
1,-1,1,1,1,1.0,1.0,-1,1,1,1,1,1.0,1.0,1.0,-1.0,1,1,0,1,1,1,1,1,1,1,-1,1.0,0,1,-1
1,-1,1,1,1,0.7906,0.8031,1,-1,1,1,1,0.8083,1.0,1.0,-1.0,1,1,0,1,1,1,1,1,1,-1,-1,1.0,0,1,1
-1,-1,1,1,1,1.0,1.0,0,-1,1,1,1,1.0,1.0,1.0,-1.0,1,1,0,1,1,1,1,1,1,0,-1,1.0,1,1,-1
-1,1,1,1,1,1.0,0.8921,-1,-1,-1,1,1,0.9043,1.0,1.0,-1.0,-1,1,0,-1,1,-1,1,-1,1,0,1,1.0,0,1,1
-1,-1,1,-1,1,1.0,1.0,-1,1,-1,-1,-1,1.0,1.0,1.0,-1.0,-1,-1,0,-1,1,-1,1,1,1,0,-1,1.0,0,1,-1
1,-1,1,1,1,1.0,1.0,0,-1,1,1,1,1.0,1.0,1.0,-1.0,1,1,0,1,1,1,1,1,1,1,-1,1.0,0,1,-1
-1,-1,-1,1,-1,1.0,0.8823,1,1,1,1,-1,0.8597,1.0,0.858,-1.0,1,-1,1,1,1,1,1,1,-1,1,-1,1.0,1,1,1
-1,-1,1,1,1,1.0,1.0,-1,1,1,1,1,1.0,1.0,1.0,-1.0,1,1,0,1,1,1,1,1,1,0,-1,1.0,1,-1,-1
-1,-1,-1,1,-1,1.0,0.8737,1,-1,1,1,-1,0.8009,1.0,0.8975,-1.0,1,-1,1,1,1,1,1,1,-1,-1,-1,1.0,1,1,1
1,-1,1,1,1,1.0,1.0,-1,1,1,1,1,1.0,1.0,1.0,-1.0,1,1,0,1,1,1,1,1,1,0,-1,1.0,0,1,-1
1,-1,1,1,1,1.0,0.8907,1,-1,1,1,1,0.8004,0.8731,1.0,-1.0,1,1,0,1,1,1,1,1,1,-1,-1,1.0,1,1,1
1,-1,1,1,1,1.0,0.8778,1,-1,1,1,1,0.853,1.0,0.8103,-1.0,1,1,0,1,1,1,1,-1,1,0,-1,1.0,0,1,1
-1,-1,1,-1,1,1.0,1.0,-1,1,1,1,1,1.0,1.0,1.0,-1.0,1,1,0,1,1,1,1,1,1,1,-1,1.0,1,1,-1
1,-1,-1,1,-1,0.8595,0.8746,1,1,1,1,-1,0.8371,1.0,1.0,-1.0,1,1,0,1,1,1,1,1,-1,1,-1,1.0,1,1,1
-1,-1,1,1,1,0.8907,0.7894,1,-1,1,1,1,0.8836,1.0,1.0,-1.0,1,1,0,1,1,1,1,-1,1,-1,-1,1.0,-1,1,1
-1,-1,1,1,1,1.0,0.8492,1,-1,1,1,1,0.845,1.0,0.8391,-1.0,-1,1,0,1,1,1,1,-1,1,0,-1,1.0,-1,1,1
-1,-1,1,1,1,1.0,0.9262,1,-1,-1,-1,1,0.8715,1.0,1.0,-1.0,-1,1,0,1,1,-1,1,1,1,-1,-1,1.0,0,1,1
-1,-1,1,1,1,1.0,1.0,0,1,1,1,1,1.0,1.0,1.0,-1.0,1,1,0,1,1,1,1,1,1,1,-1,1.0,1,1,-1
1,-1,1,1,1,1.0,0.8501,-1,-1,1,1,1,0.8717,0.885,1.0,-1.0,1,1,0,1,1,1,1,1,1,0,-1,1.0,0,1,1
-1,-1,1,1,1,1.0,1.0,-1,1,1,1,1,1.0,1.0,1.0,-1.0,1,1,0,1,1,1,1,1,1,1,-1,1.0,1,1,-1
1,-1,1,1,1,1.0,0.8111,-1,-1,1,1,1,0.8147,1.0,0.8657,-1.0,1,1,0,1,1,1,1,-1,1,0,-1,1.0,0,1,1
-1,-1,1,1,1,1.0,0.8162,1,-1,1,1,1,0.8551,1.0,0.8226,-1.0,1,1,0,1,1,1,1,1,1,1,-1,1.0,0,1,1
1,-1,1,-1,1,1.0,0.814,1,-1,-1,-1,1,0.8089,0.8625,1.0,-1.0,-1,1,0,-1,-1,-1,-1,1,1,-1,-1,1.0,0,1,1
1,1,1,1,1,1.0,0.9009,-1,-1,-1,1,1,0.8646,1.0,1.0,-1.0,-1,1,0,-1,1,-1,1,1,1,0,1,1.0,0,1,1
-1,-1,1,1,1,1.0,1.0,-1,1,1,1,-1,1.0,1.0,1.0,-1.0,1,1,0,1,1,1,1,1,1,1,-1,1.0,1,1,-1
-1,-1,1,1,1,1.0,1.0,-1,1,1,1,1,1.0,1.0,1.0,-1.0,1,1,0,1,1,1,1,1,1,0,-1,1.0,0,1,-1
-1,-1,1,1,1,1.0,1.0,-1,1,1,1,1,1.0,1.0,1.0,-1.0,1,1,0,1,1,1,1,1,1,0,-1,1.0,1,1,-1
1,-1,1,1,1,1.0,0.8437,1,-1,1,1,1,0.8203,0.8534,1.0,-1.0,1,1,0,1,1,1,1,1,1,0,-1,1.0,0,1,1
-1,-1,1,-1,1,1.0,1.0,-1,1,-1,-1,1,1.0,1.0,1.0,-1.0,-1,1,0,-1,-1,-1,-1,1,1,1,-1,1.0,0,1,-1
1,-1,1,1,1,1.0,1.0,-1,-1,1,1,1,0.8775,1.0,1.0,-1.0,1,1,0,1,1,1,1,1,1,1,-1,1.0,0,1,-1
-1,-1,-1,1,-1,1.0,1.0,-1,1,-1,-1,-1,1.0,1.0,1.0,-1.0,-1,-1,1,1,1,-1,-1,1,-1,1,-1,1.0,1,1,-1
1,-1,1,1,1,1.0,0.8224,1,-1,1,1,1,0.8557,1.0,0.8806,-1.0,1,1,0,1,1,1,1,1,1,-1,-1,1.0,0,1,1
1,-1,1,1,1,1.0,0.8907,1,-1,1,1,1,0.8068,0.8772,1.0,-1.0,1,1,0,1,1,1,1,1,1,1,-1,1.0,0,1,1
-1,-1,-1,-1,-1,1.0,0.8648,1,-1,1,1,-1,0.9223,1.0,1.0,-1.0,1,-1,0,1,1,1,1,1,-1,1,-1,1.0,-1,1,1
-1,-1,-1,-1,-1,1.0,1.0,0,1,-1,-1,-1,1.0,1.0,1.0,-1.0,-1,-1,1,1,1,-1,1,1,-1,0,-1,1.0,1,1,-1
-1,-1,1,-1,1,1.0,0.8044,1,-1,-1,-1,1,0.8424,1.0,0.8114,-1.0,-1,1,0,-1,-1,-1,-1,1,1,0,-1,1.0,1,1,1
1,-1,1,1,1,0.8581,0.8426,1,-1,1,1,1,0.8542,1.0,1.0,-1.0,1,1,0,1,1,1,1,1,1,1,-1,1.0,0,1,1
-1,-1,1,1,1,1.0,0.8792,1,-1,1,1,1,0.8749,1.0,1.0,-1.0,-1,1,0,1,1,1,1,1,1,-1,-1,1.0,-1,1,1
1,1,1,1,1,1.0,0.8942,0,-1,1,1,1,0.9068,1.0,1.0,-1.0,1,1,0,1,1,1,1,1,1,1,-1,1.0,-1,1,1
1,-1,1,1,1,1.0,0.8045,1,-1,1,1,1,0.819,1.0,0.8787,-1.0,1,1,0,1,1,1,1,-1,1,0,-1,1.0,0,1,1
1,-1,1,1,1,1.0,0.8368,1,-1,1,1,-1,0.8943,1.0,0.8673,-1.0,1,1,0,1,1,1,1,1,1,1,-1,1.0,0,1,1
1,-1,1,1,1,1.0,0.8815,1,-1,1,1,1,0.8743,1.0,1.0,-1.0,-1,1,0,1,1,1,1,1,1,-1,-1,1.0,-1,1,1
1,-1,1,1,1,1.0,0.911,1,-1,1,1,1,0.9214,1.0,1.0,-1.0,1,1,0,1,1,1,1,-1,1,-1,-1,1.0,0,1,1
-1,-1,-1,-1,-1,1.0,0.8527,1,-1,1,1,-1,0.8853,0.8294,1.0,-1.0,-1,-1,1,1,1,1,1,-1,-1,-1,-1,1.0,-1,1,1
-1,-1,1,1,1,1.0,1.0,-1,-1,1,1,1,1.0,1.0,1.0,-1.0,1,1,0,1,1,1,1,1,1,1,-1,1.0,1,1,-1
1,-1,1,1,1,1.0,0.9208,-1,-1,1,1,1,0.8872,1.0,1.0,-1.0,1,1,0,1,1,1,1,-1,1,0,-1,1.0,0,1,1
-1,1,-1,1,1,1.0,1.0,-1,1,1,1,1,1.0,1.0,1.0,-1.0,1,1,0,1,1,1,1,1,1,1,-1,1.0,1,1,-1
-1,-1,1,1,1,1.0,1.0,-1,1,1,1,1,1.0,1.0,1.0,-1.0,1,1,0,1,1,1,1,1,1,1,-1,1.0,0,1,-1
-1,0,1,1,1,1.0,1.0,1,-1,-1,1,-1,1.0,1.0,1.0,-1.0,1,1,0,-1,1,-1,-1,1,1,1,-1,1.0,0,-1,-1
-1,-1,1,1,1,1.0,1.0,1,1,1,1,1,1.0,1.0,1.0,-1.0,1,1,0,1,1,1,1,1,1,1,-1,1.0,1,1,-1
-1,-1,1,-1,1,1.0,1.0,-1,1,1,1,-1,1.0,1.0,1.0,-1.0,1,1,0,1,1,1,1,1,1,1,-1,1.0,1,1,-1
-1,-1,1,1,1,1.0,0.8686,1,-1,1,1,1,0.8291,1.0,0.8006,-1.0,1,1,0,1,1,1,1,1,1,0,-1,1.0,1,1,1
1,-1,1,1,1,1.0,0.9162,1,-1,1,1,1,0.8834,1.0,1.0,-1.0,1,1,0,1,1,1,1,-1,1,0,-1,1.0,0,1,1
-1,1,1,1,1,1.0,1.0,-1,1,1,1,1,1.0,1.0,1.0,-1.0,1,1,0,1,1,1,1,1,1,-1,1,1.0,1,1,-1
-1,-1,-1,1,-1,1.0,1.0,0,-1,1,1,-1,1.0,1.0,1.0,-1.0,1,1,1,-1,1,-1,1,1,-1,0,-1,1.0,0,1,-1
1,1,1,1,1,1.0,0.8958,-1,-1,1,1,1,0.8887,1.0,1.0,-1.0,1,1,0,1,1,1,1,-1,1,0,1,1.0,0,1,1
-1,-1,1,1,1,1.0,1.0,-1,1,1,1,1,1.0,1.0,1.0,-1.0,1,1,0,1,1,1,1,1,1,1,-1,1.0,0,1,-1
1,-1,1,-1,1,1.0,1.0,-1,-1,-1,-1,1,1.0,1.0,1.0,-1.0,-1,1,0,-1,-1,-1,-1,-1,1,1,-1,1.0,0,1,-1
1,-1,1,1,1,1.0,1.0,-1,-1,1,1,1,1.0,1.0,1.0,-1.0,1,1,0,1,1,1,1,-1,1,1,-1,1.0,0,-1,-1
-1,0,-1,-1,1,1.0,1.0,-1,1,1,1,1,1.0,1.0,1.0,-1.0,-1,-1,0,1,1,1,1,1,1,1,-1,1.0,0,1,-1
-1,-1,-1,1,-1,1.0,1.0,-1,1,-1,-1,-1,1.0,1.0,1.0,-1.0,-1,-1,1,1,1,-1,-1,1,-1,1,-1,1.0,1,1,-1
-1,-1,1,1,1,1.0,1.0,0,1,1,1,1,1.0,1.0,1.0,-1.0,1,1,0,1,1,1,1,1,1,0,-1,1.0,1,1,-1
-1,-1,1,1,1,1.0,0.8425,1,-1,1,1,1,0.8473,1.0,0.8941,-1.0,1,1,0,1,1,1,1,-1,1,0,-1,1.0,1,1,1
1,-1,1,1,1,1.0,1.0,-1,1,1,1,1,1.0,1.0,1.0,-1.0,1,1,0,1,1,1,1,1,1,1,-1,1.0,0,1,-1
1,-1,1,1,1,1.0,0.8946,1,-1,1,1,1,0.8713,1.0,1.0,-1.0,1,1,0,1,1,1,1,1,1,-1,-1,1.0,0,1,1
1,1,1,1,1,1.0,0.8864,1,-1,1,1,1,0.8886,1.0,0.8437,-1.0,1,1,0,1,1,1,1,1,1,0,1,1.0,0,1,1
1,-1,1,1,1,1.0,0.8378,1,-1,1,1,1,0.8341,1.0,0.849,-1.0,1,1,0,1,1,1,1,1,1,1,-1,1.0,0,1,1
-1,-1,-1,1,-1,1.0,0.8345,1,-1,1,1,-1,0.8935,1.0,0.8702,-1.0,1,-1,1,1,1,1,1,1,-1,-1,-1,1.0,1,1,1
1,-1,1,1,1,1.0,0.8935,-1,-1,1,1,1,0.8007,0.8946,1.0,-1.0,1,1,0,1,1,1,1,-1,1,0,-1,1.0,0,1,1
1,-1,1,1,1,1.0,0.8904,1,-1,1,1,1,0.859,1.0,0.8526,-1.0,1,1,0,1,1,1,1,1,1,1,-1,1.0,0,1,1
1,1,1,1,1,1.0,0.8233,1,-1,1,1,1,0.8719,1.0,0.886,-1.0,1,1,0,1,1,1,1,1,1,1,1,1.0,0,1,1
-1,-1,-1,1,-1,1.0,0.8924,1,-1,1,1,-1,0.8815,1.0,1.0,-1.0,1,-1,1,1,1,1,1,1,-1,1,-1,1.0,1,1,1
-1,1,1,1,1,1.0,0.9244,1,-1,1,1,1,0.9143,1.0,1.0,-1.0,1,1,0,1,1,1,1,-1,1,1,1,1.0,0,1,1
-1,-1,1,1,1,1.0,1.0,0,1,1,1,1,1.0,1.0,1.0,-1.0,1,1,0,1,1,1,1,1,1,0,-1,1.0,1,1,-1
1,-1,1,1,1,1.0,1.0,1,1,1,1,1,1.0,1.0,1.0,-1.0,1,1,0,1,1,1,1,1,1,1,-1,1.0,0,1,-1
-1,1,1,1,1,1.0,0.8168,1,-1,-1,1,1,0.8975,1.0,0.8649,-1.0,1,1,0,1,1,-1,1,1,1,-1,1,1.0,1,1,1
1,-1,1,1,1,1.0,1.0,-1,1,1,1,1,1.0,1.0,1.0,-1.0,1,1,0,1,1,1,1,1,1,-1,-1,1.0,0,-1,-1
-1,-1,1,1,1,1.0,1.0,-1,1,1,1,1,1.0,1.0,1.0,-1.0,1,1,0,1,1,1,1,1,1,1,-1,1.0,1,-1,-1
1,1,1,1,1,1.0,0.862,1,-1,1,1,1,0.874,1.0,1.0,-1.0,1,1,0,1,1,1,1,1,1,1,1,1.0,0,1,1
1,-1,-1,1,-1,1.0,0.835,1,-1,1,1,-1,0.8634,1.0,0.8634,-1.0,1,-1,1,1,1,1,1,1,-1,-1,-1,1.0,1,1,1
-1,-1,1,1,1,1.0,1.0,0,1,1,1,1,1.0,1.0,1.0,-1.0,1,1,0,1,1,1,1,1,1,0,-1,1.0,1,1,-1
1,1,1,1,1,1.0,0.8551,1,-1,1,1,1,0.8175,1.0,0.8771,-1.0,1,1,0,1,1,1,1,1,1,-1,1,1.0,0,1,1
-1,-1,-1,-1,-1,1.0,1.0,-1,1,-1,-1,-1,1.0,1.0,1.0,-1.0,-1,-1,1,-1,1,-1,-1,1,-1,0,-1,1.0,1,1,-1
1,-1,1,1,1,1.0,0.8638,1,-1,1,1,1,0.9124,1.0,1.0,-1.0,1,1,0,1,1,1,1,1,1,-1,-1,1.0,0,1,1
1,1,1,1,1,1.0,0.8914,1,-1,-1,1,-1,0.8674,1.0,1.0,-1.0,1,1,0,-1,1,-1,1,1,1,1,1,1.0,-1,1,1
-1,1,1,1,1,1.0,1.0,-1,1,1,1,1,1.0,1.0,1.0,-1.0,1,1,0,1,1,1,1,1,1,1,1,1.0,1,1,-1
-1,1,1,1,1,1.0,0.9182,1,-1,-1,1,1,0.8695,1.0,1.0,-1.0,1,1,0,-1,1,-1,-1,1,1,0,1,1.0,1,1,1
1,1,1,1,1,1.0,0.8837,1,-1,1,1,1,0.8357,1.0,0.8277,-1.0,1,1,0,1,1,1,1,-1,1,-1,1,1.0,0,-1,1
-1,-1,1,1,1,1.0,1.0,-1,-1,1,1,1,1.0,1.0,1.0,-1.0,1,1,0,1,1,1,1,1,1,1,-1,1.0,1,1,-1
1,-1,-1,1,-1,1.0,1.0,-1,1,1,1,-1,1.0,1.0,1.0,-1.0,1,-1,1,1,1,1,1,1,-1,0,-1,1.0,0,1,-1
1,-1,1,1,1,1.0,0.9073,1,-1,1,1,1,0.9124,1.0,1.0,-1.0,1,1,0,1,1,1,1,-1,1,-1,-1,1.0,0,1,1
-1,1,1,1,-1,1.0,0.8015,1,-1,-1,1,-1,0.8459,1.0,0.864,-1.0,1,1,0,-1,1,-1,1,1,1,-1,1,1.0,0,1,1
1,-1,1,1,1,1.0,0.8691,1,-1,1,1,1,0.8554,0.8898,1.0,-1.0,1,1,0,1,1,1,1,1,1,0,-1,1.0,-1,1,1
1,-1,1,1,1,1.0,0.8256,1,-1,1,1,1,0.8862,1.0,0.8663,-1.0,1,1,0,1,1,1,1,-1,1,0,-1,1.0,0,1,1
-1,-1,-1,1,-1,1.0,0.9265,1,-1,1,1,-1,0.8682,1.0,1.0,-1.0,1,-1,1,1,1,1,1,1,-1,0,-1,1.0,1,1,1
-1,-1,-1,1,-1,1.0,0.8604,-1,-1,1,1,-1,0.8417,0.8111,1.0,-1.0,1,-1,1,1,1,1,1,1,-1,0,-1,1.0,1,1,1
1,-1,1,1,1,1.0,0.8593,-1,-1,1,1,1,0.8446,1.0,0.8427,-1.0,1,1,0,1,1,1,1,-1,1,0,-1,1.0,0,1,1
-1,-1,1,1,1,1.0,1.0,-1,1,1,1,1,0.888,1.0,1.0,-1.0,1,1,0,1,1,1,1,1,1,0,-1,1.0,0,1,-1
1,-1,1,1,1,1.0,0.824,1,-1,1,1,1,0.8855,1.0,0.8524,-1.0,-1,1,0,1,1,1,1,1,1,0,-1,1.0,-1,1,1
-1,1,-1,-1,-1,1.0,0.8556,1,-1,1,1,-1,0.888,1.0,1.0,-1.0,1,-1,1,1,1,1,1,1,-1,0,1,1.0,1,1,1
-1,-1,1,1,1,1.0,1.0,-1,1,1,1,1,1.0,1.0,1.0,-1.0,1,1,0,1,1,1,1,1,1,1,-1,1.0,0,1,-1
1,-1,1,1,1,1.0,0.8067,1,-1,1,1,1,0.8627,1.0,0.8239,-1.0,1,1,0,1,1,1,1,1,1,-1,-1,1.0,0,1,1
-1,-1,1,1,1,1.0,0.8577,1,-1,1,1,1,0.8636,1.0,1.0,-1.0,1,1,0,1,1,1,1,1,1,1,-1,1.0,0,1,1
1,-1,1,1,1,1.0,1.0,-1,1,1,1,1,1.0,1.0,1.0,-1.0,1,1,0,1,1,1,1,1,1,1,-1,1.0,0,1,-1
1,-1,1,1,1,1.0,0.8822,1,-1,1,1,1,0.9077,1.0,1.0,-1.0,1,1,0,1,1,1,1,1,1,1,-1,1.0,0,1,1
-1,-1,-1,-1,-1,0.7985,0.8728,1,-1,1,1,-1,0.8387,1.0,1.0,-1.0,1,-1,1,1,1,1,1,1,-1,1,-1,1.0,1,1,1
1,-1,1,-1,1,1.0,0.8282,1,-1,-1,-1,1,0.8876,0.8628,1.0,-1.0,-1,1,0,-1,-1,-1,-1,-1,1,0,-1,1.0,1,1,1
1,-1,-1,1,-1,1.0,0.8699,1,-1,1,1,-1,0.7958,0.812,1.0,-1.0,1,-1,1,1,1,1,1,1,-1,-1,-1,1.0,1,1,1
1,1,1,1,1,1.0,0.8625,1,-1,1,1,1,0.8828,0.8777,1.0,-1.0,1,1,0,1,1,1,1,1,1,-1,1,1.0,0,1,1
-1,-1,1,1,1,1.0,0.8184,1,-1,1,1,1,0.8598,0.8273,1.0,-1.0,1,1,0,1,1,1,1,1,1,-1,-1,1.0,1,1,1
-1,-1,1,1,1,1.0,1.0,1,1,1,1,1,1.0,1.0,1.0,-1.0,1,1,0,1,1,1,1,1,1,1,-1,1.0,1,1,-1
1,1,1,1,1,1.0,0.8932,-1,-1,1,1,1,0.8148,1.0,0.8268,-1.0,1,1,0,1,1,1,1,1,1,0,1,1.0,0,1,1
1,-1,-1,1,-1,1.0,1.0,-1,-1,1,1,-1,1.0,1.0,1.0,-1.0,1,-1,1,1,1,1,1,1,-1,-1,-1,1.0,0,-1,-1
-1,-1,1,-1,1,1.0,1.0,-1,1,1,1,-1,1.0,1.0,1.0,-1.0,1,-1,0,1,1,1,1,1,1,0,-1,1.0,1,1,-1
-1,-1,1,1,1,1.0,1.0,0,-1,1,1,1,1.0,1.0,1.0,-1.0,1,1,0,1,1,1,1,1,1,0,-1,1.0,1,1,-1
-1,-1,1,1,1,1.0,1.0,0,-1,1,1,1,1.0,1.0,1.0,-1.0,1,1,0,1,1,1,1,1,1,0,-1,1.0,1,1,-1
1,-1,1,1,1,1.0,0.8134,1,-1,1,1,1,0.8318,1.0,0.8597,-1.0,1,1,0,1,1,1,1,1,1,0,-1,1.0,0,1,1
-1,-1,1,1,1,1.0,1.0,-1,1,1,1,1,1.0,1.0,1.0,-1.0,1,1,0,1,1,1,1,1,1,1,-1,1.0,1,1,-1
1,-1,1,1,1,1.0,1.0,0,1,1,1,1,1.0,1.0,1.0,-1.0,-1,1,0,1,1,1,1,1,1,1,-1,1.0,1,1,-1
-1,-1,1,-1,1,1.0,0.8733,1,-1,-1,-1,1,0.8607,1.0,1.0,-1.0,-1,1,0,-1,-1,-1,-1,1,1,-1,-1,1.0,1,1,1
1,1,1,1,1,1.0,0.844,1,-1,1,1,1,0.8537,0.8253,1.0,-1.0,1,1,0,1,1,1,1,1,1,-1,1,1.0,0,1,1
1,1,1,1,1,1.0,1.0,0,1,1,1,1,1.0,1.0,1.0,-1.0,1,1,0,1,1,1,1,1,1,1,1,1.0,0,1,-1
-1,-1,1,1,1,1.0,1.0,1,1,1,1,1,1.0,1.0,1.0,-1.0,1,1,0,1,1,1,1,1,1,1,-1,1.0,0,1,-1
-1,-1,1,-1,1,1.0,1.0,-1,1,-1,-1,1,1.0,1.0,1.0,-1.0,-1,1,0,-1,-1,-1,-1,1,1,1,-1,1.0,1,1,-1
-1,-1,1,-1,1,1.0,0.8099,1,-1,-1,-1,1,0.8578,1.0,0.8721,-1.0,-1,1,0,-1,-1,-1,-1,1,1,1,-1,1.0,1,1,1
-1,-1,-1,1,-1,1.0,1.0,0,1,1,1,-1,1.0,1.0,1.0,-1.0,1,-1,1,1,1,1,1,1,-1,-1,-1,1.0,0,1,-1
-1,-1,-1,1,-1,1.0,0.9228,1,-1,1,1,-1,0.8775,1.0,1.0,-1.0,1,-1,1,1,1,1,1,1,-1,1,-1,1.0,1,1,1
-1,1,1,1,1,0.8247,0.7917,1,-1,1,1,1,0.8117,1.0,1.0,-1.0,1,1,0,1,1,1,1,1,1,-1,1,1.0,1,1,1
-1,-1,1,1,1,1.0,1.0,-1,1,1,1,1,1.0,1.0,1.0,-1.0,1,1,0,1,1,1,1,-1,1,0,-1,1.0,0,1,-1
-1,-1,1,-1,1,1.0,0.8775,1,-1,-1,-1,1,0.8662,1.0,1.0,-1.0,-1,1,0,-1,1,-1,-1,1,1,-1,-1,1.0,1,1,1
-1,1,1,1,1,1.0,0.8366,1,-1,1,1,1,0.8085,0.8597,1.0,-1.0,1,1,0,1,1,1,1,1,1,0,1,1.0,1,1,1
1,-1,1,1,1,1.0,1.0,-1,1,1,1,1,1.0,1.0,1.0,-1.0,1,1,0,1,1,1,1,-1,1,1,-1,1.0,0,1,-1
1,-1,1,1,1,1.0,0.8119,1,-1,1,1,-1,0.8244,1.0,0.8044,-1.0,1,1,0,1,1,1,1,1,1,1,-1,1.0,0,1,1
-1,1,1,1,1,1.0,1.0,-1,1,1,1,1,1.0,1.0,1.0,-1.0,1,1,0,1,1,1,1,-1,1,0,1,1.0,1,1,-1
1,-1,1,1,1,1.0,0.8487,1,1,1,1,1,0.7966,0.8137,1.0,-1.0,1,1,0,1,1,1,1,1,1,-1,-1,1.0,0,1,1
1,1,1,1,1,1.0,0.8828,1,-1,1,1,1,0.9155,1.0,1.0,-1.0,1,1,0,1,1,1,1,1,1,1,1,1.0,0,1,1
-1,-1,-1,-1,-1,1.0,0.861,1,-1,1,1,-1,0.9139,1.0,1.0,-1.0,1,-1,0,1,1,1,1,1,-1,1,-1,1.0,-1,1,1
-1,-1,1,1,1,1.0,1.0,-1,1,1,1,1,1.0,1.0,1.0,-1.0,1,1,0,1,1,1,1,1,1,0,-1,1.0,0,1,-1
1,-1,1,1,1,1.0,0.8837,1,-1,1,1,1,0.8613,1.0,1.0,-1.0,1,1,0,1,1,1,1,1,1,-1,-1,1.0,0,1,1
-1,-1,1,1,1,1.0,0.868,1,-1,1,1,1,0.827,1.0,0.8075,-1.0,1,1,0,1,1,1,1,-1,1,0,-1,1.0,1,1,1
1,-1,1,1,1,1.0,0.8798,1,-1,1,1,1,0.865,1.0,0.7984,-1.0,1,1,0,1,1,1,1,-1,1,0,-1,1.0,0,1,1
1,-1,1,1,1,1.0,1.0,-1,1,1,1,1,1.0,1.0,1.0,-1.0,1,1,0,1,1,1,1,1,1,1,-1,1.0,0,1,-1
-1,-1,1,1,1,1.0,0.8696,1,-1,1,1,1,0.8003,1.0,0.8665,-1.0,1,1,0,1,1,1,1,-1,1,0,-1,1.0,0,1,1
-1,-1,1,1,1,1.0,1.0,0,-1,1,1,1,1.0,1.0,1.0,-1.0,1,1,0,1,1,1,1,1,1,0,-1,1.0,1,1,-1
-1,-1,1,1,1,1.0,1.0,0,1,1,1,1,1.0,1.0,1.0,-1.0,-1,1,0,1,1,1,1,1,1,0,-1,1.0,1,1,-1
-1,-1,-1,1,-1,1.0,0.9065,1,-1,1,1,-1,0.879,1.0,1.0,-1.0,1,-1,1,1,1,1,1,1,-1,-1,-1,1.0,1,1,1
-1,-1,1,-1,1,1.0,0.8568,1,-1,-1,-1,1,0.8189,0.7943,1.0,-1.0,-1,1,0,-1,-1,-1,-1,1,1,0,-1,1.0,1,1,1
-1,-1,1,1,1,1.0,0.7974,-1,-1,1,1,1,0.8687,0.8292,1.0,-1.0,1,1,0,1,1,1,1,1,1,0,-1,1.0,0,1,1
-1,1,1,1,1,1.0,0.8818,1,-1,1,1,1,0.828,0.8741,1.0,-1.0,1,1,0,1,1,1,1,1,1,0,1,1.0,1,1,1
-1,1,1,-1,1,1.0,0.8777,1,-1,-1,1,1,0.8774,1.0,1.0,-1.0,1,-1,0,1,-1,-1,-1,-1,1,0,1,1.0,1,1,1
-1,-1,1,1,1,1.0,1.0,-1,1,1,1,1,1.0,1.0,1.0,-1.0,1,1,0,1,1,1,1,1,1,1,-1,1.0,1,1,-1
-1,-1,1,-1,1,1.0,1.0,-1,1,1,1,-1,1.0,1.0,1.0,-1.0,1,-1,0,1,1,1,1,1,1,0,-1,1.0,1,1,-1
-1,-1,1,1,1,1.0,1.0,1,1,1,1,1,1.0,1.0,1.0,-1.0,1,1,0,1,1,1,1,1,1,1,-1,1.0,0,1,-1
-1,-1,1,1,1,1.0,1.0,1,-1,1,1,1,1.0,1.0,1.0,-1.0,1,1,0,1,1,1,1,1,1,1,-1,1.0,0,1,-1
1,-1,1,1,1,1.0,1.0,-1,-1,1,1,1,1.0,1.0,1.0,-1.0,1,1,0,1,1,1,1,1,1,1,-1,1.0,0,1,-1
-1,-1,1,1,1,1.0,0.8376,1,-1,1,1,1,0.8515,1.0,0.8464,-1.0,1,1,0,1,1,1,1,-1,1,0,-1,1.0,1,1,1
-1,-1,1,-1,1,1.0,1.0,-1,1,1,1,-1,1.0,1.0,1.0,-1.0,-1,-1,0,1,1,1,1,1,1,0,-1,1.0,-1,1,-1
-1,-1,1,1,1,1.0,1.0,0,1,1,1,1,1.0,1.0,1.0,-1.0,1,1,0,1,1,1,1,1,1,0,-1,1.0,1,1,-1
-1,-1,1,1,1,1.0,0.8847,1,-1,1,1,1,0.8864,1.0,1.0,-1.0,1,1,0,1,1,1,1,1,1,1,-1,1.0,1,1,1
-1,-1,-1,-1,-1,0.8577,0.8314,1,-1,1,1,-1,0.8451,1.0,1.0,-1.0,1,-1,1,1,1,1,1,1,-1,1,-1,1.0,1,1,1
-1,-1,-1,1,-1,0.8826,0.8,1,-1,1,1,-1,0.828,1.0,1.0,-1.0,1,-1,1,1,1,1,1,-1,-1,-1,-1,1.0,1,1,1
1,-1,1,1,1,1.0,0.914,1,-1,1,1,1,0.9207,1.0,1.0,-1.0,1,1,0,1,1,1,1,1,1,-1,-1,1.0,0,1,1
1,1,1,-1,1,1.0,0.89,1,-1,1,1,-1,0.8973,1.0,1.0,-1.0,1,-1,0,1,1,1,1,1,1,1,1,1.0,0,1,1
-1,-1,-1,1,-1,1.0,0.8257,1,-1,1,1,-1,0.8159,0.8168,1.0,-1.0,1,-1,1,1,1,1,1,1,-1,-1,-1,1.0,1,1,1
1,-1,-1,1,-1,1.0,1.0,0,1,1,1,-1,1.0,1.0,1.0,-1.0,1,-1,1,1,1,1,1,1,-1,0,-1,1.0,0,1,-1
-1,-1,1,1,1,1.0,1.0,0,1,1,1,1,1.0,1.0,1.0,-1.0,1,1,0,1,1,1,1,1,1,0,-1,1.0,1,1,-1
-1,-1,-1,-1,-1,1.0,1.0,-1,-1,-1,1,-1,1.0,1.0,1.0,-1.0,-1,-1,1,-1,1,-1,1,1,-1,1,-1,1.0,0,1,-1
-1,-1,-1,-1,-1,1.0,0.8022,1,-1,1,1,-1,0.8799,0.8842,1.0,-1.0,-1,-1,1,1,1,1,1,1,-1,-1,-1,1.0,-1,1,1
-1,-1,1,1,1,0.8479,0.8731,1,-1,1,1,1,0.8341,1.0,1.0,-1.0,-1,1,0,1,1,1,1,1,1,1,-1,1.0,0,1,1
1,-1,1,1,1,1.0,0.8546,1,-1,1,1,1,0.8844,0.8276,1.0,-1.0,1,1,0,1,1,1,1,1,1,0,-1,1.0,0,1,1
-1,1,1,1,1,1.0,0.8468,1,-1,1,1,1,0.8234,1.0,0.8564,-1.0,1,1,0,1,1,1,1,1,1,-1,1,1.0,1,1,1
1,1,1,1,1,1.0,0.8222,1,-1,1,1,1,0.8904,1.0,0.8776,-1.0,1,1,0,1,1,1,1,-1,1,0,1,1.0,0,1,1
-1,-1,1,-1,1,1.0,0.9235,1,-1,-1,-1,1,0.8647,1.0,1.0,-1.0,-1,1,0,-1,1,-1,-1,1,1,-1,-1,1.0,1,1,1
1,0,-1,-1,1,1.0,0.9243,1,-1,1,1,1,0.9226,1.0,1.0,-1.0,-1,-1,0,-1,1,-1,1,-1,1,0,-1,1.0,-1,1,1
1,-1,1,1,1,1.0,0.8921,-1,-1,1,1,1,0.8588,0.831,1.0,-1.0,1,1,0,1,1,1,1,-1,1,0,-1,1.0,0,1,1
-1,1,1,1,1,1.0,0.8704,1,-1,-1,1,1,0.8786,1.0,0.89,-1.0,1,1,0,1,1,-1,1,1,1,-1,1,1.0,1,1,1
-1,-1,1,1,1,1.0,1.0,0,1,1,1,1,1.0,1.0,1.0,-1.0,1,1,0,1,1,1,1,1,1,1,-1,1.0,1,1,-1
-1,-1,1,1,1,1.0,1.0,0,1,1,1,1,1.0,1.0,1.0,-1.0,1,1,0,1,1,1,1,1,1,1,-1,1.0,0,1,-1
-1,-1,1,1,1,1.0,0.895,1,-1,1,1,1,0.8594,1.0,1.0,-1.0,1,1,0,1,1,1,1,1,1,1,-1,1.0,1,1,1
-1,-1,1,1,1,1.0,1.0,0,-1,1,1,1,1.0,1.0,1.0,-1.0,1,1,0,1,1,1,1,1,1,0,-1,1.0,1,1,-1
1,-1,1,1,1,1.0,1.0,-1,1,1,1,1,1.0,1.0,1.0,-1.0,1,1,0,1,1,1,1,1,1,0,-1,1.0,0,1,-1
1,-1,1,1,1,1.0,1.0,-1,1,1,1,1,1.0,1.0,1.0,-1.0,1,1,0,1,1,1,1,1,1,1,-1,1.0,0,1,-1
1,-1,1,1,1,1.0,0.8756,-1,-1,1,1,1,0.8608,1.0,1.0,-1.0,1,1,0,1,1,1,1,-1,1,0,-1,1.0,0,1,1
-1,-1,1,1,1,1.0,1.0,-1,-1,1,1,1,1.0,1.0,1.0,-1.0,1,1,0,1,1,1,1,-1,1,1,-1,1.0,0,1,-1
1,-1,1,1,1,1.0,0.8677,-1,-1,1,1,1,0.8992,1.0,1.0,-1.0,1,1,0,1,1,1,1,1,1,0,-1,1.0,0,1,1
1,-1,1,1,1,1.0,1.0,-1,1,1,1,1,1.0,1.0,1.0,-1.0,1,1,0,1,1,1,1,1,1,0,-1,1.0,0,1,-1
1,1,1,1,1,1.0,0.8724,1,-1,1,1,1,0.8759,1.0,0.8861,-1.0,1,1,0,1,1,1,1,1,1,-1,1,1.0,1,1,1
-1,-1,-1,1,-1,1.0,0.9252,1,-1,1,1,-1,0.8756,1.0,1.0,-1.0,1,-1,1,1,1,1,1,1,-1,-1,-1,1.0,1,1,1
1,-1,1,1,1,1.0,1.0,1,-1,1,1,1,1.0,1.0,1.0,-1.0,1,1,0,1,1,1,1,1,1,1,-1,1.0,0,1,-1
1,-1,1,1,1,1.0,0.8808,-1,-1,1,1,1,0.8556,0.8104,1.0,-1.0,1,1,0,1,1,1,1,1,1,1,-1,1.0,0,1,1
1,-1,1,1,1,1.0,1.0,-1,-1,1,1,1,1.0,1.0,1.0,-1.0,1,1,0,1,1,1,1,1,1,1,-1,1.0,0,1,-1
1,-1,1,-1,1,1.0,1.0,-1,1,-1,-1,1,1.0,1.0,1.0,-1.0,-1,1,0,-1,1,-1,-1,-1,1,0,-1,1.0,0,1,-1
1,1,1,1,1,1.0,0.8326,1,-1,1,1,1,0.8301,1.0,0.8401,-1.0,1,1,0,1,1,1,1,-1,1,-1,1,1.0,0,-1,1
-1,-1,1,1,1,1.0,0.8847,1,-1,-1,1,1,0.8751,0.8465,1.0,-1.0,1,1,0,1,1,-1,1,1,1,1,-1,1.0,1,1,1
1,-1,1,1,1,1.0,0.9099,1,-1,1,1,1,0.9196,1.0,1.0,-1.0,1,1,0,1,1,1,1,1,1,-1,-1,1.0,0,1,1
1,1,1,1,1,1.0,0.9221,1,-1,1,1,1,0.9145,1.0,1.0,-1.0,1,1,0,1,1,1,1,1,1,-1,1,1.0,0,1,1
-1,-1,1,1,1,1.0,0.8114,1,-1,-1,-1,1,0.8216,0.8474,1.0,-1.0,-1,1,0,1,1,-1,-1,1,1,1,-1,1.0,1,1,1
-1,-1,1,1,1,1.0,1.0,-1,1,1,1,1,1.0,1.0,1.0,-1.0,1,1,0,1,1,1,1,-1,1,0,-1,1.0,0,1,-1
-1,-1,-1,1,-1,1.0,0.9203,1,-1,1,1,-1,0.8715,1.0,1.0,-1.0,1,-1,1,1,1,1,1,1,-1,1,-1,1.0,1,1,1
-1,1,1,1,1,1.0,0.876,1,-1,-1,1,1,0.8692,1.0,1.0,-1.0,1,1,0,-1,1,-1,-1,-1,1,1,1,1.0,1,1,1
1,-1,1,1,1,1.0,1.0,-1,1,1,1,1,1.0,1.0,1.0,-1.0,1,1,0,1,1,1,1,1,1,0,-1,1.0,0,1,-1
1,1,1,1,1,1.0,0.8428,-1,-1,1,1,1,0.8685,1.0,0.8307,-1.0,1,1,0,1,1,1,1,1,1,0,1,1.0,0,1,1
-1,-1,1,1,1,1.0,1.0,-1,1,1,1,1,1.0,1.0,1.0,-1.0,1,1,0,1,1,1,1,1,1,0,-1,1.0,1,1,-1
-1,1,1,-1,1,1.0,1.0,1,1,-1,-1,1,1.0,1.0,1.0,-1.0,1,1,0,-1,-1,-1,-1,1,1,0,-1,1.0,0,-1,-1
1,-1,-1,1,1,1.0,0.8673,1,-1,1,1,1,0.8136,0.8364,1.0,-1.0,1,-1,0,1,1,1,1,-1,1,0,-1,1.0,0,1,1
1,-1,-1,-1,1,1.0,0.8545,1,-1,-1,-1,1,0.8396,0.872,1.0,-1.0,-1,1,0,-1,-1,-1,-1,-1,1,-1,-1,1.0,0,1,1
-1,-1,-1,1,-1,1.0,0.8614,1,-1,1,1,-1,0.8492,1.0,0.7951,-1.0,1,-1,0,1,1,1,1,1,1,-1,-1,1.0,1,1,1
1,-1,1,1,1,1.0,0.8688,1,-1,-1,-1,1,0.8697,1.0,1.0,-1.0,-1,1,0,1,1,-1,1,1,1,-1,-1,1.0,0,1,1
1,-1,1,1,1,1.0,0.8235,1,-1,1,1,1,0.8661,0.8259,1.0,-1.0,1,1,0,1,1,1,1,1,1,1,-1,1.0,0,1,1
1,1,1,1,1,1.0,0.8246,1,-1,1,1,1,0.8778,1.0,0.8325,-1.0,1,1,0,1,1,1,1,1,1,1,1,1.0,0,1,1
1,-1,1,1,1,1.0,1.0,-1,1,1,1,1,1.0,1.0,1.0,-1.0,1,1,0,1,1,1,1,1,1,1,-1,1.0,0,1,-1
-1,-1,-1,1,-1,1.0,0.8209,-1,-1,1,1,-1,0.8194,0.8945,1.0,-1.0,1,-1,1,1,1,1,1,1,-1,0,-1,1.0,1,1,1
-1,-1,1,1,1,1.0,1.0,0,-1,1,1,1,1.0,1.0,1.0,-1.0,1,1,0,1,1,1,1,1,1,0,-1,1.0,1,1,-1
-1,-1,1,1,1,1.0,1.0,0,-1,1,1,1,1.0,1.0,1.0,-1.0,1,1,0,1,1,1,1,1,1,0,-1,1.0,0,-1,-1
1,-1,1,1,1,0.8363,0.87,1,-1,1,1,1,0.8635,1.0,1.0,-1.0,1,1,0,1,1,1,1,1,1,-1,-1,1.0,0,1,1
1,1,1,-1,1,1.0,0.9132,0,-1,1,1,1,0.9039,1.0,1.0,-1.0,1,1,0,1,1,1,1,1,1,1,-1,1.0,-1,1,1
1,1,1,-1,1,1.0,0.8529,1,-1,1,1,-1,0.921,1.0,1.0,-1.0,1,-1,0,1,1,1,1,1,1,1,1,1.0,0,1,1
-1,-1,1,1,1,1.0,1.0,-1,1,1,1,1,1.0,1.0,1.0,-1.0,1,1,0,1,1,1,1,1,1,0,-1,1.0,0,-1,-1
1,1,1,1,1,1.0,0.8747,1,-1,-1,1,-1,0.8773,1.0,1.0,-1.0,1,1,0,-1,1,-1,1,1,1,1,1,1.0,-1,1,1
-1,1,-1,-1,-1,1.0,0.8787,1,-1,1,1,-1,0.8604,1.0,1.0,-1.0,1,-1,1,1,1,1,1,1,-1,1,1,1.0,1,1,1
-1,-1,1,1,1,1.0,0.8589,1,-1,1,1,1,0.8793,1.0,1.0,-1.0,1,1,0,1,1,1,1,1,1,-1,-1,1.0,1,1,1
1,-1,1,1,1,1.0,1.0,0,1,1,1,1,1.0,1.0,1.0,-1.0,1,1,0,1,1,1,1,1,1,0,-1,1.0,0,-1,-1
-1,-1,1,-1,1,1.0,1.0,-1,1,1,1,1,1.0,1.0,1.0,-1.0,1,1,0,1,1,1,1,1,1,0,-1,1.0,1,1,-1
-1,-1,1,1,1,1.0,0.864,1,-1,1,1,1,0.8228,1.0,0.8411,-1.0,-1,1,0,1,1,1,1,-1,1,0,-1,1.0,-1,1,1
-1,-1,1,1,1,1.0,0.914,1,-1,-1,-1,1,0.9246,1.0,1.0,-1.0,-1,1,0,1,1,-1,1,1,1,-1,-1,1.0,0,1,1
-1,-1,1,1,1,1.0,1.0,0,1,1,1,1,1.0,1.0,1.0,-1.0,1,1,0,1,1,1,1,1,1,0,-1,1.0,1,1,-1
1,-1,1,1,1,1.0,0.8897,-1,-1,1,1,1,0.8024,0.8749,1.0,-1.0,1,1,0,1,1,1,1,1,1,0,-1,1.0,0,1,1
-1,-1,1,1,1,1.0,1.0,-1,1,1,1,1,1.0,1.0,1.0,-1.0,1,1,0,1,1,1,1,1,1,1,-1,1.0,1,1,-1
1,-1,1,-1,1,1.0,1.0,-1,1,-1,-1,1,1.0,1.0,1.0,-1.0,-1,1,0,-1,-1,-1,-1,1,1,1,-1,1.0,0,1,-1
1,-1,1,1,1,1.0,0.8493,-1,-1,1,1,1,0.8949,1.0,0.8237,-1.0,1,1,0,1,1,1,1,-1,1,0,-1,1.0,0,1,1
1,1,1,1,1,1.0,0.9067,-1,-1,1,1,1,0.8723,1.0,1.0,-1.0,1,1,0,1,1,1,1,1,1,1,1,1.0,0,1,1
-1,-1,1,1,1,1.0,1.0,-1,1,1,1,1,1.0,1.0,1.0,-1.0,1,1,0,1,1,1,1,-1,1,1,-1,1.0,0,1,-1
-1,-1,1,1,1,1.0,1.0,0,1,1,1,1,1.0,1.0,1.0,-1.0,1,1,0,1,1,1,1,1,1,0,-1,1.0,1,1,-1
-1,-1,1,1,1,1.0,0.8264,1,-1,1,1,1,0.844,1.0,0.8321,-1.0,1,1,0,1,1,1,1,-1,1,0,-1,1.0,1,1,1
1,-1,1,1,1,1.0,0.8595,1,-1,1,1,1,0.8585,1.0,1.0,-1.0,1,1,0,1,1,1,1,1,1,-1,-1,1.0,0,1,1
1,1,1,1,1,1.0,0.8573,1,-1,1,1,1,0.8151,1.0,0.8893,-1.0,1,1,0,1,1,1,1,-1,1,0,1,1.0,0,1,1
1,-1,1,1,1,1.0,0.8918,1,-1,1,1,1,0.8354,1.0,0.8098,-1.0,1,1,0,1,1,1,1,1,1,1,-1,1.0,0,1,1
-1,-1,-1,1,-1,1.0,0.8099,1,-1,1,1,-1,0.8347,1.0,0.8013,-1.0,1,-1,1,1,1,1,1,1,-1,-1,-1,1.0,1,1,1
1,-1,1,1,1,1.0,0.8302,-1,-1,1,1,1,0.894,0.8138,1.0,-1.0,1,1,0,1,1,1,1,-1,1,1,-1,1.0,0,1,1
1,-1,1,1,1,1.0,0.8739,1,-1,1,1,1,0.8713,1.0,0.8282,-1.0,1,1,0,1,1,1,1,1,1,1,-1,1.0,0,1,1
1,1,1,1,1,1.0,0.795,1,-1,1,1,1,0.8875,1.0,0.8333,-1.0,1,1,0,1,1,1,1,1,1,1,1,1.0,0,1,1
-1,-1,-1,1,-1,1.0,0.9203,1,-1,1,1,-1,0.8993,1.0,1.0,-1.0,1,-1,1,1,1,1,1,1,-1,0,-1,1.0,1,1,1
-1,-1,-1,1,-1,0.8444,0.7905,1,-1,1,1,-1,0.8248,1.0,1.0,-1.0,1,-1,1,1,1,1,1,1,-1,0,-1,1.0,1,1,1
-1,1,1,1,1,1.0,0.9184,1,-1,1,1,1,0.8579,1.0,1.0,-1.0,1,1,0,1,1,1,1,1,1,0,1,1.0,0,1,1
1,-1,1,1,1,1.0,1.0,1,1,1,1,1,1.0,1.0,1.0,-1.0,1,1,0,1,1,1,1,1,1,0,-1,1.0,0,1,-1
-1,1,1,1,1,1.0,0.7996,1,-1,-1,1,1,0.8166,1.0,0.8939,-1.0,1,1,0,1,1,-1,1,1,1,-1,1,1.0,1,1,1
1,-1,1,1,1,1.0,1.0,-1,1,1,1,1,1.0,1.0,1.0,-1.0,1,1,0,1,1,1,1,1,1,0,-1,1.0,0,-1,-1
-1,-1,1,1,1,1.0,1.0,-1,1,1,1,1,1.0,1.0,1.0,-1.0,1,1,0,1,1,1,1,1,1,0,-1,1.0,1,-1,-1
1,1,1,1,1,1.0,0.9008,1,-1,1,1,1,0.8681,1.0,1.0,-1.0,1,1,0,1,1,1,1,1,1,1,1,1.0,0,1,1
1,-1,-1,1,-1,1.0,0.8245,1,-1,1,1,-1,0.8088,1.0,0.809,-1.0,1,-1,1,1,1,1,1,1,-1,-1,-1,1.0,1,1,1
-1,-1,1,1,1,1.0,1.0,0,1,1,1,1,1.0,1.0,1.0,-1.0,1,1,0,1,1,1,1,1,1,0,-1,1.0,1,1,-1
1,1,1,1,1,1.0,0.8559,1,-1,1,1,1,0.831,1.0,0.8473,-1.0,1,1,0,1,1,1,1,1,1,-1,1,1.0,0,1,1
1,-1,1,1,1,1.0,0.8992,1,-1,1,1,1,0.8642,1.0,1.0,-1.0,1,1,0,1,1,1,1,1,1,-1,-1,1.0,0,1,1
1,1,1,1,1,1.0,0.9057,1,-1,-1,1,-1,0.8651,1.0,1.0,-1.0,1,1,0,-1,1,-1,1,1,1,1,1,1.0,-1,1,1
-1,1,1,1,1,1.0,0.8707,1,-1,-1,1,1,0.9106,1.0,1.0,-1.0,1,1,0,-1,1,-1,-1,1,1,0,1,1.0,1,1,1
1,1,1,1,1,1.0,0.89,1,-1,1,1,1,0.839,1.0,0.8352,-1.0,1,1,0,1,1,1,1,-1,1,-1,1,1.0,0,-1,1
-1,-1,1,1,1,1.0,1.0,-1,-1,1,1,1,1.0,1.0,1.0,-1.0,1,1,0,1,1,1,1,1,1,1,-1,1.0,1,1,-1
1,-1,1,1,1,1.0,0.8888,1,-1,1,1,1,0.8818,1.0,1.0,-1.0,1,1,0,1,1,1,1,-1,1,-1,-1,1.0,0,1,1
-1,1,1,1,-1,1.0,0.8942,1,-1,-1,1,-1,0.8546,1.0,0.7951,-1.0,1,1,0,-1,1,-1,1,1,1,-1,1,1.0,0,1,1
1,-1,1,1,1,1.0,0.8654,1,-1,1,1,1,0.8852,0.8459,1.0,-1.0,1,1,0,1,1,1,1,1,1,1,-1,1.0,-1,1,1
-1,-1,1,1,1,1.0,1.0,0,1,1,1,1,1.0,1.0,1.0,-1.0,1,1,0,1,1,1,1,1,1,0,-1,1.0,1,1,-1
1,-1,1,1,1,1.0,0.8054,1,-1,1,1,1,0.8782,1.0,0.8723,-1.0,1,1,0,1,1,1,1,1,1,0,-1,1.0,0,1,1
-1,-1,-1,1,-1,1.0,0.9221,1,-1,1,1,-1,0.8677,1.0,1.0,-1.0,1,-1,1,1,1,1,1,1,-1,0,-1,1.0,1,1,1
-1,-1,-1,1,-1,1.0,0.8461,-1,-1,1,1,-1,0.8431,0.8238,1.0,-1.0,1,-1,1,1,1,1,1,1,-1,0,-1,1.0,1,1,1
1,-1,1,1,1,1.0,0.8559,-1,-1,1,1,1,0.8625,1.0,0.8669,-1.0,1,1,0,1,1,1,1,1,1,0,-1,1.0,0,1,1
